id,firstname,lastname,email,email2,profession
1000,Korrie,Zina,Korrie.Zina@yopmail.com,Korrie.Zina@gmail.com,developer
1001,Joane,Horan,Joane.Horan@yopmail.com,Joane.Horan@gmail.com,worker
1002,Hallie,Wareing,Hallie.Wareing@yopmail.com,Hallie.Wareing@gmail.com,police officer
1003,Louella,McGrody,Louella.McGrody@yopmail.com,Louella.McGrody@gmail.com,developer
1004,Dorothy,Bethany,Dorothy.Bethany@yopmail.com,Dorothy.Bethany@gmail.com,doctor
1005,Estell,Baptlsta,Estell.Baptlsta@yopmail.com,Estell.Baptlsta@gmail.com,firefighter
1006,Mellicent,Socha,Mellicent.Socha@yopmail.com,Mellicent.Socha@gmail.com,doctor
1007,Kylynn,Gino,Kylynn.Gino@yopmail.com,Kylynn.Gino@gmail.com,firefighter
1008,Georgina,Leifeste,Georgina.Leifeste@yopmail.com,Georgina.Leifeste@gmail.com,doctor
1009,Heida,Grimbly,Heida.Grimbly@yopmail.com,Heida.Grimbly@gmail.com,doctor
1010,Alleen,Gregrory,Alleen.Gregrory@yopmail.com,Alleen.Gregrory@gmail.com,firefighter
1011,Tonia,Moina,Tonia.Moina@yopmail.com,Tonia.Moina@gmail.com,police officer
1012,Yolane,Clie,Yolane.Clie@yopmail.com,Yolane.Clie@gmail.com,doctor
1013,Wilma,Ailyn,Wilma.Ailyn@yopmail.com,Wilma.Ailyn@gmail.com,doctor
1014,Keelia,Lemuela,Keelia.Lemuela@yopmail.com,Keelia.Lemuela@gmail.com,police officer
1015,Gusty,Lemuela,Gusty.Lemuela@yopmail.com,Gusty.Lemuela@gmail.com,doctor
1016,Maurene,Bartlett,Maurene.Bartlett@yopmail.com,Maurene.Bartlett@gmail.com,doctor
1017,Millie,Lorain,Millie.Lorain@yopmail.com,Millie.Lorain@gmail.com,worker
1018,Janeczka,Janith,Janeczka.Janith@yopmail.com,Janeczka.Janith@gmail.com,developer
1019,Emilia,Cookie,Emilia.Cookie@yopmail.com,Emilia.Cookie@gmail.com,worker
1020,Lynnea,Japeth,Lynnea.Japeth@yopmail.com,Lynnea.Japeth@gmail.com,police officer
1021,Ginnie,Nickola,Ginnie.Nickola@yopmail.com,Ginnie.Nickola@gmail.com,police officer
1022,Dyann,McLaughlin,Dyann.McLaughlin@yopmail.com,Dyann.McLaughlin@gmail.com,firefighter
1023,Cyndie,Sikorski,Cyndie.Sikorski@yopmail.com,Cyndie.Sikorski@gmail.com,police officer
1024,Leeanne,Ludewig,Leeanne.Ludewig@yopmail.com,Leeanne.Ludewig@gmail.com,firefighter
1025,Joelly,Frodi,Joelly.Frodi@yopmail.com,Joelly.Frodi@gmail.com,doctor
1026,Jacquetta,Cimbura,Jacquetta.Cimbura@yopmail.com,Jacquetta.Cimbura@gmail.com,doctor
1027,Sharai,O'Neill,Sharai.O'Neill@yopmail.com,Sharai.O'Neill@gmail.com,worker
1028,Roxane,Emmy,Roxane.Emmy@yopmail.com,Roxane.Emmy@gmail.com,developer
1029,Micheline,Virgin,Micheline.Virgin@yopmail.com,Micheline.Virgin@gmail.com,developer
1030,Kirbee,Colyer,Kirbee.Colyer@yopmail.com,Kirbee.Colyer@gmail.com,firefighter
1031,Kaia,Hillel,Kaia.Hillel@yopmail.com,Kaia.Hillel@gmail.com,developer
1032,Constance,Marlie,Constance.Marlie@yopmail.com,Constance.Marlie@gmail.com,police officer
1033,Blake,Juliet,Blake.Juliet@yopmail.com,Blake.Juliet@gmail.com,doctor
1034,Meriel,Schalles,Meriel.Schalles@yopmail.com,Meriel.Schalles@gmail.com,firefighter
1035,Olivette,Gamaliel,Olivette.Gamaliel@yopmail.com,Olivette.Gamaliel@gmail.com,developer
1036,Annaliese,Cottle,Annaliese.Cottle@yopmail.com,Annaliese.Cottle@gmail.com,firefighter
1037,Celestyna,Irmine,Celestyna.Irmine@yopmail.com,Celestyna.Irmine@gmail.com,doctor
1038,Lorenza,Elbertina,Lorenza.Elbertina@yopmail.com,Lorenza.Elbertina@gmail.com,firefighter
1039,Berget,Beebe,Berget.Beebe@yopmail.com,Berget.Beebe@gmail.com,worker
1040,Lonnie,Romelda,Lonnie.Romelda@yopmail.com,Lonnie.Romelda@gmail.com,police officer
1041,Lusa,Sparhawk,Lusa.Sparhawk@yopmail.com,Lusa.Sparhawk@gmail.com,police officer
1042,Merci,Dorcy,Merci.Dorcy@yopmail.com,Merci.Dorcy@gmail.com,doctor
1043,Helsa,Clara,Helsa.Clara@yopmail.com,Helsa.Clara@gmail.com,firefighter
1044,Raf,Mathilde,Raf.Mathilde@yopmail.com,Raf.Mathilde@gmail.com,worker
1045,Vonny,Harl,Vonny.Harl@yopmail.com,Vonny.Harl@gmail.com,doctor
1046,Shauna,Egbert,Shauna.Egbert@yopmail.com,Shauna.Egbert@gmail.com,developer
1047,Meghann,Stover,Meghann.Stover@yopmail.com,Meghann.Stover@gmail.com,police officer
1048,Lory,Odysseus,Lory.Odysseus@yopmail.com,Lory.Odysseus@gmail.com,worker
1049,Kial,Moina,Kial.Moina@yopmail.com,Kial.Moina@gmail.com,police officer
1050,Sam,Sherfield,Sam.Sherfield@yopmail.com,Sam.Sherfield@gmail.com,firefighter
1051,Brynna,Meli,Brynna.Meli@yopmail.com,Brynna.Meli@gmail.com,developer
1052,Felice,Kiyoshi,Felice.Kiyoshi@yopmail.com,Felice.Kiyoshi@gmail.com,doctor
1053,Vonny,Ovid,Vonny.Ovid@yopmail.com,Vonny.Ovid@gmail.com,developer
1054,Ashlee,Chapland,Ashlee.Chapland@yopmail.com,Ashlee.Chapland@gmail.com,developer
1055,Libbie,Malanie,Libbie.Malanie@yopmail.com,Libbie.Malanie@gmail.com,worker
1056,Candi,Cornelia,Candi.Cornelia@yopmail.com,Candi.Cornelia@gmail.com,police officer
1057,Beverley,Cath,Beverley.Cath@yopmail.com,Beverley.Cath@gmail.com,worker
1058,Ofilia,Norrie,Ofilia.Norrie@yopmail.com,Ofilia.Norrie@gmail.com,worker
1059,Ermengarde,Alarise,Ermengarde.Alarise@yopmail.com,Ermengarde.Alarise@gmail.com,police officer
1060,Suzette,Joni,Suzette.Joni@yopmail.com,Suzette.Joni@gmail.com,firefighter
1061,Shandie,Payson,Shandie.Payson@yopmail.com,Shandie.Payson@gmail.com,doctor
1062,Blondelle,Skell,Blondelle.Skell@yopmail.com,Blondelle.Skell@gmail.com,doctor
1063,Philis,Armanda,Philis.Armanda@yopmail.com,Philis.Armanda@gmail.com,developer
1064,Alexine,Brackely,Alexine.Brackely@yopmail.com,Alexine.Brackely@gmail.com,police officer
1065,Marylou,Infield,Marylou.Infield@yopmail.com,Marylou.Infield@gmail.com,police officer
1066,Tierney,Hylan,Tierney.Hylan@yopmail.com,Tierney.Hylan@gmail.com,developer
1067,Shell,Rosemary,Shell.Rosemary@yopmail.com,Shell.Rosemary@gmail.com,developer
1068,Nadine,Carlson,Nadine.Carlson@yopmail.com,Nadine.Carlson@gmail.com,doctor
1069,Melanie,Grayce,Melanie.Grayce@yopmail.com,Melanie.Grayce@gmail.com,worker
1070,Estell,Yate,Estell.Yate@yopmail.com,Estell.Yate@gmail.com,firefighter
1071,Elbertina,Simmonds,Elbertina.Simmonds@yopmail.com,Elbertina.Simmonds@gmail.com,worker
1072,Emmey,Dosia,Emmey.Dosia@yopmail.com,Emmey.Dosia@gmail.com,police officer
1073,Nariko,Eachern,Nariko.Eachern@yopmail.com,Nariko.Eachern@gmail.com,doctor
1074,Leona,Bergman,Leona.Bergman@yopmail.com,Leona.Bergman@gmail.com,developer
1075,Keelia,Lauraine,Keelia.Lauraine@yopmail.com,Keelia.Lauraine@gmail.com,worker
1076,Ermengarde,Abbot,Ermengarde.Abbot@yopmail.com,Ermengarde.Abbot@gmail.com,worker
1077,Pierette,Drisko,Pierette.Drisko@yopmail.com,Pierette.Drisko@gmail.com,developer
1078,Elie,Arvo,Elie.Arvo@yopmail.com,Elie.Arvo@gmail.com,developer
1079,Annora,Ashely,Annora.Ashely@yopmail.com,Annora.Ashely@gmail.com,firefighter
1080,Jasmina,Liebermann,Jasmina.Liebermann@yopmail.com,Jasmina.Liebermann@gmail.com,firefighter
1081,Nicoli,Cath,Nicoli.Cath@yopmail.com,Nicoli.Cath@gmail.com,developer
1082,Donetta,Obed,Donetta.Obed@yopmail.com,Donetta.Obed@gmail.com,developer
1083,Jenilee,Carmena,Jenilee.Carmena@yopmail.com,Jenilee.Carmena@gmail.com,doctor
1084,Fanchon,Tillford,Fanchon.Tillford@yopmail.com,Fanchon.Tillford@gmail.com,firefighter
1085,Selia,Ade,Selia.Ade@yopmail.com,Selia.Ade@gmail.com,worker
1086,Henriette,Alexandr,Henriette.Alexandr@yopmail.com,Henriette.Alexandr@gmail.com,worker
1087,Courtnay,Cassius,Courtnay.Cassius@yopmail.com,Courtnay.Cassius@gmail.com,worker
1088,Frances,Melony,Frances.Melony@yopmail.com,Frances.Melony@gmail.com,worker
1089,Codie,Fry,Codie.Fry@yopmail.com,Codie.Fry@gmail.com,police officer
1090,Gertrud,Tybald,Gertrud.Tybald@yopmail.com,Gertrud.Tybald@gmail.com,firefighter
1091,Danny,Allys,Danny.Allys@yopmail.com,Danny.Allys@gmail.com,police officer
1092,Rubie,Gale,Rubie.Gale@yopmail.com,Rubie.Gale@gmail.com,doctor
1093,Fanny,Lalitta,Fanny.Lalitta@yopmail.com,Fanny.Lalitta@gmail.com,doctor
1094,Carree,Earlie,Carree.Earlie@yopmail.com,Carree.Earlie@gmail.com,firefighter
1095,Nariko,Arley,Nariko.Arley@yopmail.com,Nariko.Arley@gmail.com,worker
1096,Elora,Ricarda,Elora.Ricarda@yopmail.com,Elora.Ricarda@gmail.com,firefighter
1097,Juliane,Myrilla,Juliane.Myrilla@yopmail.com,Juliane.Myrilla@gmail.com,worker
1098,Claresta,Bluh,Claresta.Bluh@yopmail.com,Claresta.Bluh@gmail.com,doctor
1099,Angelique,Slifka,Angelique.Slifka@yopmail.com,Angelique.Slifka@gmail.com,developer
1100,Katharina,Faro,Katharina.Faro@yopmail.com,Katharina.Faro@gmail.com,doctor
1101,Chickie,Birdella,Chickie.Birdella@yopmail.com,Chickie.Birdella@gmail.com,worker
1102,Nananne,Dorine,Nananne.Dorine@yopmail.com,Nananne.Dorine@gmail.com,worker
1103,Robinia,Zaslow,Robinia.Zaslow@yopmail.com,Robinia.Zaslow@gmail.com,doctor
1104,Paule,Ortrude,Paule.Ortrude@yopmail.com,Paule.Ortrude@gmail.com,worker
1105,Lisette,Lareena,Lisette.Lareena@yopmail.com,Lisette.Lareena@gmail.com,firefighter
1106,Aeriela,Cavan,Aeriela.Cavan@yopmail.com,Aeriela.Cavan@gmail.com,developer
1107,Hollie,Helve,Hollie.Helve@yopmail.com,Hollie.Helve@gmail.com,doctor
1108,Cecile,Ezar,Cecile.Ezar@yopmail.com,Cecile.Ezar@gmail.com,doctor
1109,Anestassia,Pelagias,Anestassia.Pelagias@yopmail.com,Anestassia.Pelagias@gmail.com,doctor
1110,Kalina,Eugenia,Kalina.Eugenia@yopmail.com,Kalina.Eugenia@gmail.com,doctor
1111,Britte,Krystle,Britte.Krystle@yopmail.com,Britte.Krystle@gmail.com,doctor
1112,Nicoli,Garrison,Nicoli.Garrison@yopmail.com,Nicoli.Garrison@gmail.com,developer
1113,Veda,Horan,Veda.Horan@yopmail.com,Veda.Horan@gmail.com,doctor
1114,Daryl,Tound,Daryl.Tound@yopmail.com,Daryl.Tound@gmail.com,worker
1115,Berget,Tomasina,Berget.Tomasina@yopmail.com,Berget.Tomasina@gmail.com,police officer
1116,Sue,Kravits,Sue.Kravits@yopmail.com,Sue.Kravits@gmail.com,police officer
1117,Bobbi,Graig,Bobbi.Graig@yopmail.com,Bobbi.Graig@gmail.com,firefighter
1118,Annora,Drisko,Annora.Drisko@yopmail.com,Annora.Drisko@gmail.com,firefighter
1119,Cristabel,Gibbeon,Cristabel.Gibbeon@yopmail.com,Cristabel.Gibbeon@gmail.com,worker
1120,Mignon,Merna,Mignon.Merna@yopmail.com,Mignon.Merna@gmail.com,doctor
1121,Jasmina,Daveta,Jasmina.Daveta@yopmail.com,Jasmina.Daveta@gmail.com,doctor
1122,Lexine,Emmaline,Lexine.Emmaline@yopmail.com,Lexine.Emmaline@gmail.com,worker
1123,Beatriz,Cecile,Beatriz.Cecile@yopmail.com,Beatriz.Cecile@gmail.com,worker
1124,Helsa,Ammann,Helsa.Ammann@yopmail.com,Helsa.Ammann@gmail.com,developer
1125,Peri,Garbe,Peri.Garbe@yopmail.com,Peri.Garbe@gmail.com,police officer
1126,Halette,Bertold,Halette.Bertold@yopmail.com,Halette.Bertold@gmail.com,worker
1127,Romona,Elvyn,Romona.Elvyn@yopmail.com,Romona.Elvyn@gmail.com,doctor
1128,Philis,Leifeste,Philis.Leifeste@yopmail.com,Philis.Leifeste@gmail.com,doctor
1129,Lulita,Bouchard,Lulita.Bouchard@yopmail.com,Lulita.Bouchard@gmail.com,firefighter
1130,Emmey,Nerita,Emmey.Nerita@yopmail.com,Emmey.Nerita@gmail.com,worker
1131,Charlena,Borrell,Charlena.Borrell@yopmail.com,Charlena.Borrell@gmail.com,developer
1132,Laurene,Lacombe,Laurene.Lacombe@yopmail.com,Laurene.Lacombe@gmail.com,firefighter
1133,Tierney,Smitt,Tierney.Smitt@yopmail.com,Tierney.Smitt@gmail.com,police officer
1134,Grier,Skell,Grier.Skell@yopmail.com,Grier.Skell@gmail.com,doctor
1135,Jolyn,Judye,Jolyn.Judye@yopmail.com,Jolyn.Judye@gmail.com,police officer
1136,Devina,Thunell,Devina.Thunell@yopmail.com,Devina.Thunell@gmail.com,worker
1137,Marita,Rheingold,Marita.Rheingold@yopmail.com,Marita.Rheingold@gmail.com,firefighter
1138,Atlanta,Cristi,Atlanta.Cristi@yopmail.com,Atlanta.Cristi@gmail.com,developer
1139,Alia,Bury,Alia.Bury@yopmail.com,Alia.Bury@gmail.com,police officer
1140,Lizzie,Bendick,Lizzie.Bendick@yopmail.com,Lizzie.Bendick@gmail.com,firefighter
1141,Molli,Atcliffe,Molli.Atcliffe@yopmail.com,Molli.Atcliffe@gmail.com,doctor
1142,Meghann,Ioab,Meghann.Ioab@yopmail.com,Meghann.Ioab@gmail.com,worker
1143,Paola,Iaverne,Paola.Iaverne@yopmail.com,Paola.Iaverne@gmail.com,police officer
1144,Nananne,Maurine,Nananne.Maurine@yopmail.com,Nananne.Maurine@gmail.com,doctor
1145,Bettine,Colbert,Bettine.Colbert@yopmail.com,Bettine.Colbert@gmail.com,doctor
1146,Celisse,Seagraves,Celisse.Seagraves@yopmail.com,Celisse.Seagraves@gmail.com,police officer
1147,Stevana,Lissi,Stevana.Lissi@yopmail.com,Stevana.Lissi@gmail.com,doctor
1148,Theodora,Delacourt,Theodora.Delacourt@yopmail.com,Theodora.Delacourt@gmail.com,doctor
1149,Caryl,Leopold,Caryl.Leopold@yopmail.com,Caryl.Leopold@gmail.com,police officer
1150,Gabi,Dawkins,Gabi.Dawkins@yopmail.com,Gabi.Dawkins@gmail.com,police officer
1151,Christal,Elvyn,Christal.Elvyn@yopmail.com,Christal.Elvyn@gmail.com,police officer
1152,Calla,Westphal,Calla.Westphal@yopmail.com,Calla.Westphal@gmail.com,worker
1153,Mallory,Lowry,Mallory.Lowry@yopmail.com,Mallory.Lowry@gmail.com,doctor
1154,Misha,Lynn,Misha.Lynn@yopmail.com,Misha.Lynn@gmail.com,doctor
1155,Ira,Cleavland,Ira.Cleavland@yopmail.com,Ira.Cleavland@gmail.com,firefighter
1156,Moyna,Jillane,Moyna.Jillane@yopmail.com,Moyna.Jillane@gmail.com,doctor
1157,Cyb,Nance,Cyb.Nance@yopmail.com,Cyb.Nance@gmail.com,worker
1158,Doro,Marlie,Doro.Marlie@yopmail.com,Doro.Marlie@gmail.com,doctor
1159,Carly,Buttaro,Carly.Buttaro@yopmail.com,Carly.Buttaro@gmail.com,worker
1160,Myriam,Ulphia,Myriam.Ulphia@yopmail.com,Myriam.Ulphia@gmail.com,worker
1161,Adriana,Irmine,Adriana.Irmine@yopmail.com,Adriana.Irmine@gmail.com,firefighter
1162,Ethel,Bohlin,Ethel.Bohlin@yopmail.com,Ethel.Bohlin@gmail.com,police officer
1163,Blinni,Shirberg,Blinni.Shirberg@yopmail.com,Blinni.Shirberg@gmail.com,firefighter
1164,Kimmy,Norrie,Kimmy.Norrie@yopmail.com,Kimmy.Norrie@gmail.com,police officer
1165,Dorice,Loleta,Dorice.Loleta@yopmail.com,Dorice.Loleta@gmail.com,worker
1166,Fred,Raseda,Fred.Raseda@yopmail.com,Fred.Raseda@gmail.com,police officer
1167,Dorene,Audly,Dorene.Audly@yopmail.com,Dorene.Audly@gmail.com,police officer
1168,Ada,Grimbly,Ada.Grimbly@yopmail.com,Ada.Grimbly@gmail.com,firefighter
1169,Brietta,Merell,Brietta.Merell@yopmail.com,Brietta.Merell@gmail.com,doctor
1170,Maye,Olnee,Maye.Olnee@yopmail.com,Maye.Olnee@gmail.com,worker
1171,June,Riva,June.Riva@yopmail.com,June.Riva@gmail.com,doctor
1172,Karolina,Ochs,Karolina.Ochs@yopmail.com,Karolina.Ochs@gmail.com,doctor
1173,Evaleen,Kannry,Evaleen.Kannry@yopmail.com,Evaleen.Kannry@gmail.com,worker
1174,Teddie,Monk,Teddie.Monk@yopmail.com,Teddie.Monk@gmail.com,police officer
1175,Dagmar,Killigrew,Dagmar.Killigrew@yopmail.com,Dagmar.Killigrew@gmail.com,doctor
1176,Dorice,Trinetta,Dorice.Trinetta@yopmail.com,Dorice.Trinetta@gmail.com,police officer
1177,Hyacinthe,Fairweather,Hyacinthe.Fairweather@yopmail.com,Hyacinthe.Fairweather@gmail.com,worker
1178,Vivia,Lorain,Vivia.Lorain@yopmail.com,Vivia.Lorain@gmail.com,firefighter
1179,Lilith,Elsinore,Lilith.Elsinore@yopmail.com,Lilith.Elsinore@gmail.com,worker
1180,Cassondra,Fitzsimmons,Cassondra.Fitzsimmons@yopmail.com,Cassondra.Fitzsimmons@gmail.com,worker
1181,Addia,Nelsen,Addia.Nelsen@yopmail.com,Addia.Nelsen@gmail.com,police officer
1182,Hope,LaRue,Hope.LaRue@yopmail.com,Hope.LaRue@gmail.com,police officer
1183,Asia,Mintz,Asia.Mintz@yopmail.com,Asia.Mintz@gmail.com,developer
1184,Damaris,Lytton,Damaris.Lytton@yopmail.com,Damaris.Lytton@gmail.com,worker
1185,Stephanie,Phyllis,Stephanie.Phyllis@yopmail.com,Stephanie.Phyllis@gmail.com,developer
1186,Valeda,Mott,Valeda.Mott@yopmail.com,Valeda.Mott@gmail.com,worker
1187,Vanessa,Wenoa,Vanessa.Wenoa@yopmail.com,Vanessa.Wenoa@gmail.com,doctor
1188,Cindelyn,Dawkins,Cindelyn.Dawkins@yopmail.com,Cindelyn.Dawkins@gmail.com,doctor
1189,Micheline,Granoff,Micheline.Granoff@yopmail.com,Micheline.Granoff@gmail.com,worker
1190,Evaleen,Bultman,Evaleen.Bultman@yopmail.com,Evaleen.Bultman@gmail.com,firefighter
1191,Alejandra,Moseley,Alejandra.Moseley@yopmail.com,Alejandra.Moseley@gmail.com,doctor
1192,Daryl,Blisse,Daryl.Blisse@yopmail.com,Daryl.Blisse@gmail.com,firefighter
1193,Anica,Travax,Anica.Travax@yopmail.com,Anica.Travax@gmail.com,worker
1194,Wendi,Schenck,Wendi.Schenck@yopmail.com,Wendi.Schenck@gmail.com,worker
1195,Susan,Mata,Susan.Mata@yopmail.com,Susan.Mata@gmail.com,doctor
1196,Morganica,Giff,Morganica.Giff@yopmail.com,Morganica.Giff@gmail.com,worker
1197,Christy,Ulphia,Christy.Ulphia@yopmail.com,Christy.Ulphia@gmail.com,police officer
1198,Marti,Mike,Marti.Mike@yopmail.com,Marti.Mike@gmail.com,worker
1199,Candy,Abram,Candy.Abram@yopmail.com,Candy.Abram@gmail.com,worker
1200,Britte,Newell,Britte.Newell@yopmail.com,Britte.Newell@gmail.com,police officer
1201,Winny,Roche,Winny.Roche@yopmail.com,Winny.Roche@gmail.com,police officer
1202,Alameda,Raul,Alameda.Raul@yopmail.com,Alameda.Raul@gmail.com,firefighter
1203,Hayley,Chapland,Hayley.Chapland@yopmail.com,Hayley.Chapland@gmail.com,police officer
1204,Ayn,Jammal,Ayn.Jammal@yopmail.com,Ayn.Jammal@gmail.com,police officer
1205,Donetta,Goerke,Donetta.Goerke@yopmail.com,Donetta.Goerke@gmail.com,police officer
1206,Tobe,Jalbert,Tobe.Jalbert@yopmail.com,Tobe.Jalbert@gmail.com,firefighter
1207,Dulce,Lacombe,Dulce.Lacombe@yopmail.com,Dulce.Lacombe@gmail.com,firefighter
1208,Rosabelle,Jillane,Rosabelle.Jillane@yopmail.com,Rosabelle.Jillane@gmail.com,doctor
1209,Brana,Wesle,Brana.Wesle@yopmail.com,Brana.Wesle@gmail.com,developer
1210,Minda,Uund,Minda.Uund@yopmail.com,Minda.Uund@gmail.com,worker
1211,Tobe,Cutlerr,Tobe.Cutlerr@yopmail.com,Tobe.Cutlerr@gmail.com,worker
1212,Ekaterina,Demitria,Ekaterina.Demitria@yopmail.com,Ekaterina.Demitria@gmail.com,doctor
1213,Catharine,Marsden,Catharine.Marsden@yopmail.com,Catharine.Marsden@gmail.com,worker
1214,Sashenka,Nicoline,Sashenka.Nicoline@yopmail.com,Sashenka.Nicoline@gmail.com,developer
1215,Konstance,Gherardo,Konstance.Gherardo@yopmail.com,Konstance.Gherardo@gmail.com,doctor
1216,Dede,Tacye,Dede.Tacye@yopmail.com,Dede.Tacye@gmail.com,worker
1217,Carlie,Leary,Carlie.Leary@yopmail.com,Carlie.Leary@gmail.com,developer
1218,Gabi,Pelagias,Gabi.Pelagias@yopmail.com,Gabi.Pelagias@gmail.com,worker
1219,Alisha,Huggins,Alisha.Huggins@yopmail.com,Alisha.Huggins@gmail.com,police officer
1220,Regina,Plato,Regina.Plato@yopmail.com,Regina.Plato@gmail.com,worker
1221,Cherilyn,Albertine,Cherilyn.Albertine@yopmail.com,Cherilyn.Albertine@gmail.com,developer
1222,Talya,Read,Talya.Read@yopmail.com,Talya.Read@gmail.com,developer
1223,Daune,Lymann,Daune.Lymann@yopmail.com,Daune.Lymann@gmail.com,firefighter
1224,Helsa,Maurine,Helsa.Maurine@yopmail.com,Helsa.Maurine@gmail.com,police officer
1225,Mara,Imelida,Mara.Imelida@yopmail.com,Mara.Imelida@gmail.com,worker
1226,Krystle,Edvard,Krystle.Edvard@yopmail.com,Krystle.Edvard@gmail.com,developer
1227,Dorene,Regan,Dorene.Regan@yopmail.com,Dorene.Regan@gmail.com,doctor
1228,Melisent,Lorenz,Melisent.Lorenz@yopmail.com,Melisent.Lorenz@gmail.com,firefighter
1229,Eadie,Wyn,Eadie.Wyn@yopmail.com,Eadie.Wyn@gmail.com,firefighter
1230,Belva,Cordi,Belva.Cordi@yopmail.com,Belva.Cordi@gmail.com,police officer
1231,Felice,Jary,Felice.Jary@yopmail.com,Felice.Jary@gmail.com,police officer
1232,Darci,Guildroy,Darci.Guildroy@yopmail.com,Darci.Guildroy@gmail.com,doctor
1233,Priscilla,Dichy,Priscilla.Dichy@yopmail.com,Priscilla.Dichy@gmail.com,worker
1234,Kaia,Yate,Kaia.Yate@yopmail.com,Kaia.Yate@gmail.com,worker
1235,Merle,Paine,Merle.Paine@yopmail.com,Merle.Paine@gmail.com,firefighter
1236,Jinny,Cath,Jinny.Cath@yopmail.com,Jinny.Cath@gmail.com,firefighter
1237,Bertine,Laverne,Bertine.Laverne@yopmail.com,Bertine.Laverne@gmail.com,firefighter
1238,Nicoli,Wareing,Nicoli.Wareing@yopmail.com,Nicoli.Wareing@gmail.com,developer
1239,Eadie,Mike,Eadie.Mike@yopmail.com,Eadie.Mike@gmail.com,police officer
1240,Elsie,Laurianne,Elsie.Laurianne@yopmail.com,Elsie.Laurianne@gmail.com,firefighter
1241,Silvana,Stav,Silvana.Stav@yopmail.com,Silvana.Stav@gmail.com,police officer
1242,Gabriellia,Couture,Gabriellia.Couture@yopmail.com,Gabriellia.Couture@gmail.com,doctor
1243,Cyndie,Ludewig,Cyndie.Ludewig@yopmail.com,Cyndie.Ludewig@gmail.com,developer
1244,Dania,Ilka,Dania.Ilka@yopmail.com,Dania.Ilka@gmail.com,doctor
1245,Tarra,Bennie,Tarra.Bennie@yopmail.com,Tarra.Bennie@gmail.com,developer
1246,Raf,Kiyoshi,Raf.Kiyoshi@yopmail.com,Raf.Kiyoshi@gmail.com,firefighter
1247,Nataline,Anestassia,Nataline.Anestassia@yopmail.com,Nataline.Anestassia@gmail.com,firefighter
1248,Raina,Boycey,Raina.Boycey@yopmail.com,Raina.Boycey@gmail.com,police officer
1249,Kary,Audly,Kary.Audly@yopmail.com,Kary.Audly@gmail.com,firefighter
1250,Dale,Pelagias,Dale.Pelagias@yopmail.com,Dale.Pelagias@gmail.com,developer
1251,Brianna,Carmena,Brianna.Carmena@yopmail.com,Brianna.Carmena@gmail.com,firefighter
1252,Dione,Corabella,Dione.Corabella@yopmail.com,Dione.Corabella@gmail.com,firefighter
1253,Jasmina,Sidonius,Jasmina.Sidonius@yopmail.com,Jasmina.Sidonius@gmail.com,police officer
1254,Belva,Pascia,Belva.Pascia@yopmail.com,Belva.Pascia@gmail.com,doctor
1255,Carlie,Zrike,Carlie.Zrike@yopmail.com,Carlie.Zrike@gmail.com,developer
1256,Dulce,Dex,Dulce.Dex@yopmail.com,Dulce.Dex@gmail.com,police officer
1257,Marika,Haldas,Marika.Haldas@yopmail.com,Marika.Haldas@gmail.com,worker
1258,Olwen,Stevy,Olwen.Stevy@yopmail.com,Olwen.Stevy@gmail.com,firefighter
1259,Glenda,Deny,Glenda.Deny@yopmail.com,Glenda.Deny@gmail.com,worker
1260,Joceline,Lytton,Joceline.Lytton@yopmail.com,Joceline.Lytton@gmail.com,firefighter
1261,Nelle,Brotherson,Nelle.Brotherson@yopmail.com,Nelle.Brotherson@gmail.com,developer
1262,Mireielle,Cadmar,Mireielle.Cadmar@yopmail.com,Mireielle.Cadmar@gmail.com,firefighter
1263,Carmela,Engdahl,Carmela.Engdahl@yopmail.com,Carmela.Engdahl@gmail.com,developer
1264,Jemie,Reidar,Jemie.Reidar@yopmail.com,Jemie.Reidar@gmail.com,firefighter
1265,Paule,Hartnett,Paule.Hartnett@yopmail.com,Paule.Hartnett@gmail.com,worker
1266,Zaria,Guthrie,Zaria.Guthrie@yopmail.com,Zaria.Guthrie@gmail.com,firefighter
1267,Konstance,Idelia,Konstance.Idelia@yopmail.com,Konstance.Idelia@gmail.com,developer
1268,Mara,Candy,Mara.Candy@yopmail.com,Mara.Candy@gmail.com,firefighter
1269,Sarette,Tufts,Sarette.Tufts@yopmail.com,Sarette.Tufts@gmail.com,police officer
1270,Karolina,Dudley,Karolina.Dudley@yopmail.com,Karolina.Dudley@gmail.com,firefighter
1271,Latisha,Yerkovich,Latisha.Yerkovich@yopmail.com,Latisha.Yerkovich@gmail.com,police officer
1272,Nerta,Brandice,Nerta.Brandice@yopmail.com,Nerta.Brandice@gmail.com,doctor
1273,Belinda,Stilwell,Belinda.Stilwell@yopmail.com,Belinda.Stilwell@gmail.com,firefighter
1274,Aigneis,Marijo,Aigneis.Marijo@yopmail.com,Aigneis.Marijo@gmail.com,developer
1275,Joelly,Shelba,Joelly.Shelba@yopmail.com,Joelly.Shelba@gmail.com,doctor
1276,Rayna,Granoff,Rayna.Granoff@yopmail.com,Rayna.Granoff@gmail.com,developer
1277,Ernesta,Goth,Ernesta.Goth@yopmail.com,Ernesta.Goth@gmail.com,doctor
1278,Sherrie,Neils,Sherrie.Neils@yopmail.com,Sherrie.Neils@gmail.com,worker
1279,Clo,Salchunas,Clo.Salchunas@yopmail.com,Clo.Salchunas@gmail.com,firefighter
1280,Christian,Corilla,Christian.Corilla@yopmail.com,Christian.Corilla@gmail.com,doctor
1281,Dorene,Screens,Dorene.Screens@yopmail.com,Dorene.Screens@gmail.com,worker
1282,Grier,Constancy,Grier.Constancy@yopmail.com,Grier.Constancy@gmail.com,police officer
1283,Fanchon,Lorenz,Fanchon.Lorenz@yopmail.com,Fanchon.Lorenz@gmail.com,firefighter
1284,Jolyn,Hanleigh,Jolyn.Hanleigh@yopmail.com,Jolyn.Hanleigh@gmail.com,developer
1285,Vere,Infield,Vere.Infield@yopmail.com,Vere.Infield@gmail.com,developer
1286,Katleen,Ackerley,Katleen.Ackerley@yopmail.com,Katleen.Ackerley@gmail.com,firefighter
1287,Amii,Podvin,Amii.Podvin@yopmail.com,Amii.Podvin@gmail.com,worker
1288,Lyssa,Dorothy,Lyssa.Dorothy@yopmail.com,Lyssa.Dorothy@gmail.com,worker
1289,Aigneis,Carri,Aigneis.Carri@yopmail.com,Aigneis.Carri@gmail.com,developer
1290,Felice,Vacuva,Felice.Vacuva@yopmail.com,Felice.Vacuva@gmail.com,doctor
1291,Mariann,Capello,Mariann.Capello@yopmail.com,Mariann.Capello@gmail.com,doctor
1292,Romona,Boycey,Romona.Boycey@yopmail.com,Romona.Boycey@gmail.com,firefighter
1293,Nollie,Adamsen,Nollie.Adamsen@yopmail.com,Nollie.Adamsen@gmail.com,doctor
1294,Hannis,Kevon,Hannis.Kevon@yopmail.com,Hannis.Kevon@gmail.com,developer
1295,Ursulina,Himelman,Ursulina.Himelman@yopmail.com,Ursulina.Himelman@gmail.com,worker
1296,Olwen,Olympium,Olwen.Olympium@yopmail.com,Olwen.Olympium@gmail.com,doctor
1297,Mellicent,Ranjiv,Mellicent.Ranjiv@yopmail.com,Mellicent.Ranjiv@gmail.com,firefighter
1298,Heddie,Blake,Heddie.Blake@yopmail.com,Heddie.Blake@gmail.com,police officer
1299,Gabriellia,Olympium,Gabriellia.Olympium@yopmail.com,Gabriellia.Olympium@gmail.com,worker
1300,Tilly,Tremayne,Tilly.Tremayne@yopmail.com,Tilly.Tremayne@gmail.com,worker
1301,Etta,Bendick,Etta.Bendick@yopmail.com,Etta.Bendick@gmail.com,doctor
1302,Susette,Emerson,Susette.Emerson@yopmail.com,Susette.Emerson@gmail.com,firefighter
1303,Jean,Sikorski,Jean.Sikorski@yopmail.com,Jean.Sikorski@gmail.com,developer
1304,Sharai,Grayce,Sharai.Grayce@yopmail.com,Sharai.Grayce@gmail.com,police officer
1305,Janenna,Naor,Janenna.Naor@yopmail.com,Janenna.Naor@gmail.com,police officer
1306,Annora,Kirbee,Annora.Kirbee@yopmail.com,Annora.Kirbee@gmail.com,developer
1307,Anthia,Hourigan,Anthia.Hourigan@yopmail.com,Anthia.Hourigan@gmail.com,developer
1308,Lynnea,Noman,Lynnea.Noman@yopmail.com,Lynnea.Noman@gmail.com,worker
1309,Kary,Flita,Kary.Flita@yopmail.com,Kary.Flita@gmail.com,developer
1310,Kylynn,Iphlgenia,Kylynn.Iphlgenia@yopmail.com,Kylynn.Iphlgenia@gmail.com,doctor
1311,Heddie,Raama,Heddie.Raama@yopmail.com,Heddie.Raama@gmail.com,doctor
1312,Cyndie,Infield,Cyndie.Infield@yopmail.com,Cyndie.Infield@gmail.com,doctor
1313,Juliane,Peti,Juliane.Peti@yopmail.com,Juliane.Peti@gmail.com,firefighter
1314,Sharai,Jena,Sharai.Jena@yopmail.com,Sharai.Jena@gmail.com,police officer
1315,Lenna,Brady,Lenna.Brady@yopmail.com,Lenna.Brady@gmail.com,police officer
1316,Ilse,Halsey,Ilse.Halsey@yopmail.com,Ilse.Halsey@gmail.com,doctor
1317,Shel,Quent,Shel.Quent@yopmail.com,Shel.Quent@gmail.com,worker
1318,Ginnie,Maroney,Ginnie.Maroney@yopmail.com,Ginnie.Maroney@gmail.com,worker
1319,Adriana,Hertzfeld,Adriana.Hertzfeld@yopmail.com,Adriana.Hertzfeld@gmail.com,police officer
1320,Tamqrah,Rudolph,Tamqrah.Rudolph@yopmail.com,Tamqrah.Rudolph@gmail.com,developer
1321,Donnie,Guthrie,Donnie.Guthrie@yopmail.com,Donnie.Guthrie@gmail.com,developer
1322,Frances,Nance,Frances.Nance@yopmail.com,Frances.Nance@gmail.com,police officer
1323,Ulrike,Persse,Ulrike.Persse@yopmail.com,Ulrike.Persse@gmail.com,doctor
1324,Asia,Lilybelle,Asia.Lilybelle@yopmail.com,Asia.Lilybelle@gmail.com,doctor
1325,Riannon,Rocray,Riannon.Rocray@yopmail.com,Riannon.Rocray@gmail.com,firefighter
1326,Verla,Chobot,Verla.Chobot@yopmail.com,Verla.Chobot@gmail.com,worker
1327,Hallie,Emmy,Hallie.Emmy@yopmail.com,Hallie.Emmy@gmail.com,worker
1328,Lacie,Craggie,Lacie.Craggie@yopmail.com,Lacie.Craggie@gmail.com,developer
1329,Joane,Ulphia,Joane.Ulphia@yopmail.com,Joane.Ulphia@gmail.com,doctor
1330,Kenna,Saunderson,Kenna.Saunderson@yopmail.com,Kenna.Saunderson@gmail.com,doctor
1331,Teddie,Winnick,Teddie.Winnick@yopmail.com,Teddie.Winnick@gmail.com,developer
1332,Dorthy,Ailyn,Dorthy.Ailyn@yopmail.com,Dorthy.Ailyn@gmail.com,police officer
1333,Reeba,Bury,Reeba.Bury@yopmail.com,Reeba.Bury@gmail.com,doctor
1334,Veda,Thornburg,Veda.Thornburg@yopmail.com,Veda.Thornburg@gmail.com,doctor
1335,Viviene,Anselmi,Viviene.Anselmi@yopmail.com,Viviene.Anselmi@gmail.com,police officer
1336,Blondelle,Monk,Blondelle.Monk@yopmail.com,Blondelle.Monk@gmail.com,developer
1337,Angelique,Isidore,Angelique.Isidore@yopmail.com,Angelique.Isidore@gmail.com,firefighter
1338,Orsola,Gavrila,Orsola.Gavrila@yopmail.com,Orsola.Gavrila@gmail.com,police officer
1339,Danny,Allys,Danny.Allys@yopmail.com,Danny.Allys@gmail.com,developer
1340,Merry,Neva,Merry.Neva@yopmail.com,Merry.Neva@gmail.com,doctor
1341,Suzette,Gombach,Suzette.Gombach@yopmail.com,Suzette.Gombach@gmail.com,firefighter
1342,Daryl,Ulphia,Daryl.Ulphia@yopmail.com,Daryl.Ulphia@gmail.com,police officer
1343,Esmeralda,Alexandr,Esmeralda.Alexandr@yopmail.com,Esmeralda.Alexandr@gmail.com,police officer
1344,Dione,Jacobah,Dione.Jacobah@yopmail.com,Dione.Jacobah@gmail.com,worker
1345,Nyssa,Marijo,Nyssa.Marijo@yopmail.com,Nyssa.Marijo@gmail.com,worker
1346,Jennica,Ellord,Jennica.Ellord@yopmail.com,Jennica.Ellord@gmail.com,firefighter
1347,June,Tamar,June.Tamar@yopmail.com,June.Tamar@gmail.com,doctor
1348,Nataline,Shanley,Nataline.Shanley@yopmail.com,Nataline.Shanley@gmail.com,firefighter
1349,Raquela,Naor,Raquela.Naor@yopmail.com,Raquela.Naor@gmail.com,police officer
1350,Gianina,Alabaster,Gianina.Alabaster@yopmail.com,Gianina.Alabaster@gmail.com,worker
1351,Elise,Neva,Elise.Neva@yopmail.com,Elise.Neva@gmail.com,worker
1352,Dede,Sophronia,Dede.Sophronia@yopmail.com,Dede.Sophronia@gmail.com,developer
1353,Letizia,Odysseus,Letizia.Odysseus@yopmail.com,Letizia.Odysseus@gmail.com,police officer
1354,Zondra,Hillel,Zondra.Hillel@yopmail.com,Zondra.Hillel@gmail.com,worker
1355,Norine,Gunn,Norine.Gunn@yopmail.com,Norine.Gunn@gmail.com,doctor
1356,Zaria,Hortensia,Zaria.Hortensia@yopmail.com,Zaria.Hortensia@gmail.com,firefighter
1357,Dyann,Christal,Dyann.Christal@yopmail.com,Dyann.Christal@gmail.com,worker
1358,Dennie,Even,Dennie.Even@yopmail.com,Dennie.Even@gmail.com,doctor
1359,Myrtice,Dimitris,Myrtice.Dimitris@yopmail.com,Myrtice.Dimitris@gmail.com,doctor
1360,Alisha,Berne,Alisha.Berne@yopmail.com,Alisha.Berne@gmail.com,worker
1361,Karly,Buffum,Karly.Buffum@yopmail.com,Karly.Buffum@gmail.com,developer
1362,Nikki,Chrystel,Nikki.Chrystel@yopmail.com,Nikki.Chrystel@gmail.com,police officer
1363,Mureil,Barbey,Mureil.Barbey@yopmail.com,Mureil.Barbey@gmail.com,police officer
1364,Delilah,Georgy,Delilah.Georgy@yopmail.com,Delilah.Georgy@gmail.com,firefighter
1365,Elyssa,Byrne,Elyssa.Byrne@yopmail.com,Elyssa.Byrne@gmail.com,doctor
1366,Maurene,Lane,Maurene.Lane@yopmail.com,Maurene.Lane@gmail.com,police officer
1367,Annora,Ovid,Annora.Ovid@yopmail.com,Annora.Ovid@gmail.com,developer
1368,Cam,Ashely,Cam.Ashely@yopmail.com,Cam.Ashely@gmail.com,police officer
1369,Rhoda,Dash,Rhoda.Dash@yopmail.com,Rhoda.Dash@gmail.com,firefighter
1370,Collen,Thilda,Collen.Thilda@yopmail.com,Collen.Thilda@gmail.com,firefighter
1371,Hannis,Winnick,Hannis.Winnick@yopmail.com,Hannis.Winnick@gmail.com,developer
1372,Elise,Eachern,Elise.Eachern@yopmail.com,Elise.Eachern@gmail.com,developer
1373,Amelia,Keily,Amelia.Keily@yopmail.com,Amelia.Keily@gmail.com,developer
1374,Merci,O'Neill,Merci.O'Neill@yopmail.com,Merci.O'Neill@gmail.com,developer
1375,Jessamyn,Merna,Jessamyn.Merna@yopmail.com,Jessamyn.Merna@gmail.com,developer
1376,Emelina,O'Carroll,Emelina.O'Carroll@yopmail.com,Emelina.O'Carroll@gmail.com,developer
1377,Anestassia,Eben,Anestassia.Eben@yopmail.com,Anestassia.Eben@gmail.com,firefighter
1378,Rozele,Iphlgenia,Rozele.Iphlgenia@yopmail.com,Rozele.Iphlgenia@gmail.com,firefighter
1379,Isa,Winnick,Isa.Winnick@yopmail.com,Isa.Winnick@gmail.com,doctor
1380,Ofilia,Jorgan,Ofilia.Jorgan@yopmail.com,Ofilia.Jorgan@gmail.com,doctor
1381,Alameda,Markman,Alameda.Markman@yopmail.com,Alameda.Markman@gmail.com,worker
1382,Raf,Publia,Raf.Publia@yopmail.com,Raf.Publia@gmail.com,police officer
1383,Lita,Erlandson,Lita.Erlandson@yopmail.com,Lita.Erlandson@gmail.com,doctor
1384,Alexine,Ruvolo,Alexine.Ruvolo@yopmail.com,Alexine.Ruvolo@gmail.com,developer
1385,Verla,Wildermuth,Verla.Wildermuth@yopmail.com,Verla.Wildermuth@gmail.com,firefighter
1386,Nikki,McLaughlin,Nikki.McLaughlin@yopmail.com,Nikki.McLaughlin@gmail.com,worker
1387,Dolli,Berne,Dolli.Berne@yopmail.com,Dolli.Berne@gmail.com,worker
1388,Robbi,Giule,Robbi.Giule@yopmail.com,Robbi.Giule@gmail.com,police officer
1389,Jinny,Seumas,Jinny.Seumas@yopmail.com,Jinny.Seumas@gmail.com,police officer
1390,Selma,Boycey,Selma.Boycey@yopmail.com,Selma.Boycey@gmail.com,doctor
1391,Renie,Breed,Renie.Breed@yopmail.com,Renie.Breed@gmail.com,worker
1392,Allis,Auberbach,Allis.Auberbach@yopmail.com,Allis.Auberbach@gmail.com,developer
1393,Wendi,Lamoree,Wendi.Lamoree@yopmail.com,Wendi.Lamoree@gmail.com,firefighter
1394,Johna,Dowski,Johna.Dowski@yopmail.com,Johna.Dowski@gmail.com,police officer
1395,Lorenza,Fadiman,Lorenza.Fadiman@yopmail.com,Lorenza.Fadiman@gmail.com,worker
1396,Caritta,Amethist,Caritta.Amethist@yopmail.com,Caritta.Amethist@gmail.com,developer
1397,Devina,Autrey,Devina.Autrey@yopmail.com,Devina.Autrey@gmail.com,firefighter
1398,Flory,Kenwood,Flory.Kenwood@yopmail.com,Flory.Kenwood@gmail.com,police officer
1399,Karolina,Armanda,Karolina.Armanda@yopmail.com,Karolina.Armanda@gmail.com,police officer
1400,Andree,Ethban,Andree.Ethban@yopmail.com,Andree.Ethban@gmail.com,police officer
1401,Linet,Yerkovich,Linet.Yerkovich@yopmail.com,Linet.Yerkovich@gmail.com,doctor
1402,Sophia,Mathilde,Sophia.Mathilde@yopmail.com,Sophia.Mathilde@gmail.com,worker
1403,Paola,Marlie,Paola.Marlie@yopmail.com,Paola.Marlie@gmail.com,doctor
1404,Ivett,An,Ivett.An@yopmail.com,Ivett.An@gmail.com,worker
1405,Doralynne,Dominy,Doralynne.Dominy@yopmail.com,Doralynne.Dominy@gmail.com,developer
1406,Lesly,Odysseus,Lesly.Odysseus@yopmail.com,Lesly.Odysseus@gmail.com,police officer
1407,Joane,Honoria,Joane.Honoria@yopmail.com,Joane.Honoria@gmail.com,firefighter
1408,Valli,Rona,Valli.Rona@yopmail.com,Valli.Rona@gmail.com,firefighter
1409,Pierette,Cherianne,Pierette.Cherianne@yopmail.com,Pierette.Cherianne@gmail.com,firefighter
1410,Florie,Edmund,Florie.Edmund@yopmail.com,Florie.Edmund@gmail.com,developer
1411,Sibella,Yate,Sibella.Yate@yopmail.com,Sibella.Yate@gmail.com,worker
1412,Carilyn,Buckler,Carilyn.Buckler@yopmail.com,Carilyn.Buckler@gmail.com,firefighter
1413,Patricia,Malanie,Patricia.Malanie@yopmail.com,Patricia.Malanie@gmail.com,police officer
1414,Mamie,Kaja,Mamie.Kaja@yopmail.com,Mamie.Kaja@gmail.com,developer
1415,Nataline,Bohlin,Nataline.Bohlin@yopmail.com,Nataline.Bohlin@gmail.com,firefighter
1416,Karina,Ummersen,Karina.Ummersen@yopmail.com,Karina.Ummersen@gmail.com,developer
1417,Averyl,Corilla,Averyl.Corilla@yopmail.com,Averyl.Corilla@gmail.com,doctor
1418,Fawne,Florina,Fawne.Florina@yopmail.com,Fawne.Florina@gmail.com,worker
1419,Belva,Alexandr,Belva.Alexandr@yopmail.com,Belva.Alexandr@gmail.com,firefighter
1420,Ivett,Capello,Ivett.Capello@yopmail.com,Ivett.Capello@gmail.com,doctor
1421,Gaylene,Saint,Gaylene.Saint@yopmail.com,Gaylene.Saint@gmail.com,doctor
1422,Maud,Fillbert,Maud.Fillbert@yopmail.com,Maud.Fillbert@gmail.com,developer
1423,Violet,Kazimir,Violet.Kazimir@yopmail.com,Violet.Kazimir@gmail.com,developer
1424,Blake,Douglass,Blake.Douglass@yopmail.com,Blake.Douglass@gmail.com,developer
1425,Marinna,Berne,Marinna.Berne@yopmail.com,Marinna.Berne@gmail.com,firefighter
1426,Angelique,Radu,Angelique.Radu@yopmail.com,Angelique.Radu@gmail.com,doctor
1427,Tori,Norrie,Tori.Norrie@yopmail.com,Tori.Norrie@gmail.com,firefighter
1428,Di,Bates,Di.Bates@yopmail.com,Di.Bates@gmail.com,doctor
1429,Pearline,Hoban,Pearline.Hoban@yopmail.com,Pearline.Hoban@gmail.com,worker
1430,Elka,Linehan,Elka.Linehan@yopmail.com,Elka.Linehan@gmail.com,developer
1431,Liana,Horan,Liana.Horan@yopmail.com,Liana.Horan@gmail.com,developer
1432,Gratia,Seessel,Gratia.Seessel@yopmail.com,Gratia.Seessel@gmail.com,developer
1433,Karena,Parsaye,Karena.Parsaye@yopmail.com,Karena.Parsaye@gmail.com,police officer
1434,Dulce,Bashemeth,Dulce.Bashemeth@yopmail.com,Dulce.Bashemeth@gmail.com,doctor
1435,Marleah,Nore,Marleah.Nore@yopmail.com,Marleah.Nore@gmail.com,worker
1436,Gloria,Aurelio,Gloria.Aurelio@yopmail.com,Gloria.Aurelio@gmail.com,worker
1437,Ebonee,August,Ebonee.August@yopmail.com,Ebonee.August@gmail.com,firefighter
1438,Asia,Bettine,Asia.Bettine@yopmail.com,Asia.Bettine@gmail.com,worker
1439,Rubie,Heidt,Rubie.Heidt@yopmail.com,Rubie.Heidt@gmail.com,police officer
1440,Keelia,Garek,Keelia.Garek@yopmail.com,Keelia.Garek@gmail.com,doctor
1441,Jinny,Bibi,Jinny.Bibi@yopmail.com,Jinny.Bibi@gmail.com,worker
1442,Jerry,Charity,Jerry.Charity@yopmail.com,Jerry.Charity@gmail.com,police officer
1443,Cassandra,Oscar,Cassandra.Oscar@yopmail.com,Cassandra.Oscar@gmail.com,doctor
1444,Cristine,Maxi,Cristine.Maxi@yopmail.com,Cristine.Maxi@gmail.com,developer
1445,Hettie,Darrell,Hettie.Darrell@yopmail.com,Hettie.Darrell@gmail.com,developer
1446,Cassondra,Levey,Cassondra.Levey@yopmail.com,Cassondra.Levey@gmail.com,doctor
1447,Halette,Elbertina,Halette.Elbertina@yopmail.com,Halette.Elbertina@gmail.com,worker
1448,Ernesta,Eckblad,Ernesta.Eckblad@yopmail.com,Ernesta.Eckblad@gmail.com,worker
1449,Ginnie,Urias,Ginnie.Urias@yopmail.com,Ginnie.Urias@gmail.com,worker
1450,Penelopa,Publia,Penelopa.Publia@yopmail.com,Penelopa.Publia@gmail.com,firefighter
1451,Krystle,Idelia,Krystle.Idelia@yopmail.com,Krystle.Idelia@gmail.com,firefighter
1452,Nannie,Melan,Nannie.Melan@yopmail.com,Nannie.Melan@gmail.com,police officer
1453,Ofilia,Silvan,Ofilia.Silvan@yopmail.com,Ofilia.Silvan@gmail.com,police officer
1454,Chickie,Pitt,Chickie.Pitt@yopmail.com,Chickie.Pitt@gmail.com,police officer
1455,Barbara,Xerxes,Barbara.Xerxes@yopmail.com,Barbara.Xerxes@gmail.com,doctor
1456,Malina,Laverne,Malina.Laverne@yopmail.com,Malina.Laverne@gmail.com,worker
1457,Aigneis,Aaberg,Aigneis.Aaberg@yopmail.com,Aigneis.Aaberg@gmail.com,worker
1458,Jackie,Nea,Jackie.Nea@yopmail.com,Jackie.Nea@gmail.com,firefighter
1459,Ezmeralda,Jagir,Ezmeralda.Jagir@yopmail.com,Ezmeralda.Jagir@gmail.com,police officer
1460,Andree,Means,Andree.Means@yopmail.com,Andree.Means@gmail.com,developer
1461,Ezmeralda,Tyson,Ezmeralda.Tyson@yopmail.com,Ezmeralda.Tyson@gmail.com,developer
1462,Gloria,Jerold,Gloria.Jerold@yopmail.com,Gloria.Jerold@gmail.com,doctor
1463,Janis,Swanhildas,Janis.Swanhildas@yopmail.com,Janis.Swanhildas@gmail.com,police officer
1464,Lucille,Thar,Lucille.Thar@yopmail.com,Lucille.Thar@gmail.com,doctor
1465,Kylynn,Prober,Kylynn.Prober@yopmail.com,Kylynn.Prober@gmail.com,doctor
1466,Concettina,Ferino,Concettina.Ferino@yopmail.com,Concettina.Ferino@gmail.com,developer
1467,Jessy,Claudine,Jessy.Claudine@yopmail.com,Jessy.Claudine@gmail.com,developer
1468,Rosene,Christal,Rosene.Christal@yopmail.com,Rosene.Christal@gmail.com,developer
1469,Tracey,Smitt,Tracey.Smitt@yopmail.com,Tracey.Smitt@gmail.com,doctor
1470,Gui,Schonfeld,Gui.Schonfeld@yopmail.com,Gui.Schonfeld@gmail.com,developer
1471,Justinn,Kaja,Justinn.Kaja@yopmail.com,Justinn.Kaja@gmail.com,firefighter
1472,Sheelagh,Sasnett,Sheelagh.Sasnett@yopmail.com,Sheelagh.Sasnett@gmail.com,police officer
1473,Alleen,Yuille,Alleen.Yuille@yopmail.com,Alleen.Yuille@gmail.com,developer
1474,Moyna,Baylor,Moyna.Baylor@yopmail.com,Moyna.Baylor@gmail.com,developer
1475,Ericka,Timon,Ericka.Timon@yopmail.com,Ericka.Timon@gmail.com,worker
1476,Arabel,Orlene,Arabel.Orlene@yopmail.com,Arabel.Orlene@gmail.com,developer
1477,Stacey,Vacuva,Stacey.Vacuva@yopmail.com,Stacey.Vacuva@gmail.com,firefighter
1478,Deirdre,Lymann,Deirdre.Lymann@yopmail.com,Deirdre.Lymann@gmail.com,worker
1479,Sue,Dimitris,Sue.Dimitris@yopmail.com,Sue.Dimitris@gmail.com,worker
1480,Delilah,Thar,Delilah.Thar@yopmail.com,Delilah.Thar@gmail.com,worker
1481,Nannie,Brotherson,Nannie.Brotherson@yopmail.com,Nannie.Brotherson@gmail.com,police officer
1482,Drucie,Linehan,Drucie.Linehan@yopmail.com,Drucie.Linehan@gmail.com,police officer
1483,Loree,Riordan,Loree.Riordan@yopmail.com,Loree.Riordan@gmail.com,police officer
1484,Nananne,Yusuk,Nananne.Yusuk@yopmail.com,Nananne.Yusuk@gmail.com,doctor
1485,Rivalee,Simmonds,Rivalee.Simmonds@yopmail.com,Rivalee.Simmonds@gmail.com,police officer
1486,Gwyneth,Dawkins,Gwyneth.Dawkins@yopmail.com,Gwyneth.Dawkins@gmail.com,firefighter
1487,Shel,Dulciana,Shel.Dulciana@yopmail.com,Shel.Dulciana@gmail.com,worker
1488,Sam,Milde,Sam.Milde@yopmail.com,Sam.Milde@gmail.com,doctor
1489,Kellen,Rustice,Kellen.Rustice@yopmail.com,Kellen.Rustice@gmail.com,developer
1490,Jemie,Cynar,Jemie.Cynar@yopmail.com,Jemie.Cynar@gmail.com,worker
1491,Lisette,Azeria,Lisette.Azeria@yopmail.com,Lisette.Azeria@gmail.com,doctor
1492,Meriel,Willie,Meriel.Willie@yopmail.com,Meriel.Willie@gmail.com,doctor
1493,Millie,Jammal,Millie.Jammal@yopmail.com,Millie.Jammal@gmail.com,doctor
1494,Brietta,Rosalba,Brietta.Rosalba@yopmail.com,Brietta.Rosalba@gmail.com,developer
1495,Clementine,Nunci,Clementine.Nunci@yopmail.com,Clementine.Nunci@gmail.com,police officer
1496,Annora,Drisko,Annora.Drisko@yopmail.com,Annora.Drisko@gmail.com,developer
1497,Moyna,Chesna,Moyna.Chesna@yopmail.com,Moyna.Chesna@gmail.com,police officer
1498,Blinni,Lea,Blinni.Lea@yopmail.com,Blinni.Lea@gmail.com,firefighter
1499,Alie,Swanhildas,Alie.Swanhildas@yopmail.com,Alie.Swanhildas@gmail.com,worker
1500,Tomasina,Zeeba,Tomasina.Zeeba@yopmail.com,Tomasina.Zeeba@gmail.com,police officer
1501,Deloria,Catie,Deloria.Catie@yopmail.com,Deloria.Catie@gmail.com,developer
1502,Cecile,Yorick,Cecile.Yorick@yopmail.com,Cecile.Yorick@gmail.com,worker
1503,Angela,Dielu,Angela.Dielu@yopmail.com,Angela.Dielu@gmail.com,doctor
1504,Gertrud,McNully,Gertrud.McNully@yopmail.com,Gertrud.McNully@gmail.com,worker
1505,Helsa,Stuart,Helsa.Stuart@yopmail.com,Helsa.Stuart@gmail.com,doctor
1506,Dianemarie,Urania,Dianemarie.Urania@yopmail.com,Dianemarie.Urania@gmail.com,firefighter
1507,Marcelline,Johanna,Marcelline.Johanna@yopmail.com,Marcelline.Johanna@gmail.com,doctor
1508,Consuela,Nadia,Consuela.Nadia@yopmail.com,Consuela.Nadia@gmail.com,firefighter
1509,Josephine,Claudine,Josephine.Claudine@yopmail.com,Josephine.Claudine@gmail.com,worker
1510,Lynea,Mandler,Lynea.Mandler@yopmail.com,Lynea.Mandler@gmail.com,worker
1511,Genovera,Nadia,Genovera.Nadia@yopmail.com,Genovera.Nadia@gmail.com,firefighter
1512,Rhea,Pandolfi,Rhea.Pandolfi@yopmail.com,Rhea.Pandolfi@gmail.com,police officer
1513,Kaja,Olin,Kaja.Olin@yopmail.com,Kaja.Olin@gmail.com,firefighter
1514,Mureil,Kelula,Mureil.Kelula@yopmail.com,Mureil.Kelula@gmail.com,doctor
1515,Antonietta,Oneida,Antonietta.Oneida@yopmail.com,Antonietta.Oneida@gmail.com,police officer
1516,Leeanne,Poppy,Leeanne.Poppy@yopmail.com,Leeanne.Poppy@gmail.com,firefighter
1517,Rozele,Llovera,Rozele.Llovera@yopmail.com,Rozele.Llovera@gmail.com,police officer
1518,Mildrid,Faso,Mildrid.Faso@yopmail.com,Mildrid.Faso@gmail.com,police officer
1519,Nanete,Evangelia,Nanete.Evangelia@yopmail.com,Nanete.Evangelia@gmail.com,worker
1520,Jemie,Hurley,Jemie.Hurley@yopmail.com,Jemie.Hurley@gmail.com,doctor
1521,Charmaine,Alfons,Charmaine.Alfons@yopmail.com,Charmaine.Alfons@gmail.com,worker
1522,Myrtice,Raseda,Myrtice.Raseda@yopmail.com,Myrtice.Raseda@gmail.com,firefighter
1523,Fawne,Liva,Fawne.Liva@yopmail.com,Fawne.Liva@gmail.com,doctor
1524,Glenda,Ax,Glenda.Ax@yopmail.com,Glenda.Ax@gmail.com,doctor
1525,Marjie,Lesley,Marjie.Lesley@yopmail.com,Marjie.Lesley@gmail.com,developer
1526,Dyann,Rhu,Dyann.Rhu@yopmail.com,Dyann.Rhu@gmail.com,doctor
1527,Xylina,Raama,Xylina.Raama@yopmail.com,Xylina.Raama@gmail.com,worker
1528,Constance,Toni,Constance.Toni@yopmail.com,Constance.Toni@gmail.com,developer
1529,Vonny,Barbey,Vonny.Barbey@yopmail.com,Vonny.Barbey@gmail.com,doctor
1530,Elie,Loleta,Elie.Loleta@yopmail.com,Elie.Loleta@gmail.com,firefighter
1531,Rozele,Corrine,Rozele.Corrine@yopmail.com,Rozele.Corrine@gmail.com,doctor
1532,Emmey,Cherianne,Emmey.Cherianne@yopmail.com,Emmey.Cherianne@gmail.com,police officer
1533,Myrtice,Westphal,Myrtice.Westphal@yopmail.com,Myrtice.Westphal@gmail.com,doctor
1534,Annora,Havens,Annora.Havens@yopmail.com,Annora.Havens@gmail.com,firefighter
1535,Mariann,Mauer,Mariann.Mauer@yopmail.com,Mariann.Mauer@gmail.com,firefighter
1536,Caressa,Andrel,Caressa.Andrel@yopmail.com,Caressa.Andrel@gmail.com,worker
1537,Peri,Tacye,Peri.Tacye@yopmail.com,Peri.Tacye@gmail.com,firefighter
1538,Emelina,Schlosser,Emelina.Schlosser@yopmail.com,Emelina.Schlosser@gmail.com,firefighter
1539,Lolita,Glovsky,Lolita.Glovsky@yopmail.com,Lolita.Glovsky@gmail.com,developer
1540,Dennie,Dosia,Dennie.Dosia@yopmail.com,Dennie.Dosia@gmail.com,firefighter
1541,Brynna,Si,Brynna.Si@yopmail.com,Brynna.Si@gmail.com,worker
1542,Clarice,Winthorpe,Clarice.Winthorpe@yopmail.com,Clarice.Winthorpe@gmail.com,firefighter
1543,Adriana,Yoko,Adriana.Yoko@yopmail.com,Adriana.Yoko@gmail.com,doctor
1544,Sean,Elvyn,Sean.Elvyn@yopmail.com,Sean.Elvyn@gmail.com,worker
1545,Celisse,Ricki,Celisse.Ricki@yopmail.com,Celisse.Ricki@gmail.com,firefighter
1546,Mureil,Anis,Mureil.Anis@yopmail.com,Mureil.Anis@gmail.com,developer
1547,Lila,Chick,Lila.Chick@yopmail.com,Lila.Chick@gmail.com,doctor
1548,Leontine,Laurianne,Leontine.Laurianne@yopmail.com,Leontine.Laurianne@gmail.com,developer
1549,Trixi,Shanley,Trixi.Shanley@yopmail.com,Trixi.Shanley@gmail.com,police officer
1550,Ulrike,Gillan,Ulrike.Gillan@yopmail.com,Ulrike.Gillan@gmail.com,developer
1551,Regina,Wilkinson,Regina.Wilkinson@yopmail.com,Regina.Wilkinson@gmail.com,firefighter
1552,Ronna,Joachim,Ronna.Joachim@yopmail.com,Ronna.Joachim@gmail.com,developer
1553,Karolina,Montgomery,Karolina.Montgomery@yopmail.com,Karolina.Montgomery@gmail.com,worker
1554,Catharine,Barrus,Catharine.Barrus@yopmail.com,Catharine.Barrus@gmail.com,doctor
1555,Gusty,Bibi,Gusty.Bibi@yopmail.com,Gusty.Bibi@gmail.com,police officer
1556,Albertina,Land,Albertina.Land@yopmail.com,Albertina.Land@gmail.com,developer
1557,Misha,Tremayne,Misha.Tremayne@yopmail.com,Misha.Tremayne@gmail.com,doctor
1558,Misha,Khorma,Misha.Khorma@yopmail.com,Misha.Khorma@gmail.com,worker
1559,Eugine,Naor,Eugine.Naor@yopmail.com,Eugine.Naor@gmail.com,developer
1560,Ulrike,Shields,Ulrike.Shields@yopmail.com,Ulrike.Shields@gmail.com,police officer
1561,Jaclyn,Ephrem,Jaclyn.Ephrem@yopmail.com,Jaclyn.Ephrem@gmail.com,firefighter
1562,Brietta,Othilia,Brietta.Othilia@yopmail.com,Brietta.Othilia@gmail.com,developer
1563,Concettina,An,Concettina.An@yopmail.com,Concettina.An@gmail.com,doctor
1564,Estell,Bashemeth,Estell.Bashemeth@yopmail.com,Estell.Bashemeth@gmail.com,police officer
1565,Judy,Voletta,Judy.Voletta@yopmail.com,Judy.Voletta@gmail.com,worker
1566,Augustine,Greyson,Augustine.Greyson@yopmail.com,Augustine.Greyson@gmail.com,doctor
1567,Corene,Hubert,Corene.Hubert@yopmail.com,Corene.Hubert@gmail.com,firefighter
1568,Ruthe,Garbe,Ruthe.Garbe@yopmail.com,Ruthe.Garbe@gmail.com,doctor
1569,Ivett,Waite,Ivett.Waite@yopmail.com,Ivett.Waite@gmail.com,developer
1570,Elsie,Morgun,Elsie.Morgun@yopmail.com,Elsie.Morgun@gmail.com,firefighter
1571,Melina,Marijo,Melina.Marijo@yopmail.com,Melina.Marijo@gmail.com,doctor
1572,Elfreda,Boycey,Elfreda.Boycey@yopmail.com,Elfreda.Boycey@gmail.com,developer
1573,Jsandye,Wooster,Jsandye.Wooster@yopmail.com,Jsandye.Wooster@gmail.com,worker
1574,Lynde,Leary,Lynde.Leary@yopmail.com,Lynde.Leary@gmail.com,developer
1575,Julieta,Greenwald,Julieta.Greenwald@yopmail.com,Julieta.Greenwald@gmail.com,worker
1576,Brietta,Terrence,Brietta.Terrence@yopmail.com,Brietta.Terrence@gmail.com,worker
1577,Lorenza,Braun,Lorenza.Braun@yopmail.com,Lorenza.Braun@gmail.com,doctor
1578,Sean,Wenda,Sean.Wenda@yopmail.com,Sean.Wenda@gmail.com,firefighter
1579,Gratia,Pernick,Gratia.Pernick@yopmail.com,Gratia.Pernick@gmail.com,worker
1580,Sallie,Swigart,Sallie.Swigart@yopmail.com,Sallie.Swigart@gmail.com,worker
1581,Harrietta,Yerkovich,Harrietta.Yerkovich@yopmail.com,Harrietta.Yerkovich@gmail.com,police officer
1582,Merci,Amand,Merci.Amand@yopmail.com,Merci.Amand@gmail.com,worker
1583,Roxane,Girardo,Roxane.Girardo@yopmail.com,Roxane.Girardo@gmail.com,firefighter
1584,Tarra,Wenda,Tarra.Wenda@yopmail.com,Tarra.Wenda@gmail.com,doctor
1585,Gertrud,Wenda,Gertrud.Wenda@yopmail.com,Gertrud.Wenda@gmail.com,developer
1586,Netty,Blase,Netty.Blase@yopmail.com,Netty.Blase@gmail.com,police officer
1587,Dale,Old,Dale.Old@yopmail.com,Dale.Old@gmail.com,doctor
1588,Mariann,Eiser,Mariann.Eiser@yopmail.com,Mariann.Eiser@gmail.com,firefighter
1589,Caritta,Helfand,Caritta.Helfand@yopmail.com,Caritta.Helfand@gmail.com,firefighter
1590,Sabina,Artie,Sabina.Artie@yopmail.com,Sabina.Artie@gmail.com,developer
1591,Janey,Croix,Janey.Croix@yopmail.com,Janey.Croix@gmail.com,firefighter
1592,Aigneis,Adrienne,Aigneis.Adrienne@yopmail.com,Aigneis.Adrienne@gmail.com,doctor
1593,Kelly,Olnee,Kelly.Olnee@yopmail.com,Kelly.Olnee@gmail.com,worker
1594,Kathi,Decato,Kathi.Decato@yopmail.com,Kathi.Decato@gmail.com,firefighter
1595,Ilse,Brunell,Ilse.Brunell@yopmail.com,Ilse.Brunell@gmail.com,doctor
1596,Charissa,Israeli,Charissa.Israeli@yopmail.com,Charissa.Israeli@gmail.com,police officer
1597,Ebonee,Doig,Ebonee.Doig@yopmail.com,Ebonee.Doig@gmail.com,developer
1598,Kassey,Seessel,Kassey.Seessel@yopmail.com,Kassey.Seessel@gmail.com,police officer
1599,Yolane,Raimondo,Yolane.Raimondo@yopmail.com,Yolane.Raimondo@gmail.com,worker
1600,Selia,Dulciana,Selia.Dulciana@yopmail.com,Selia.Dulciana@gmail.com,doctor
1601,Albertina,Concha,Albertina.Concha@yopmail.com,Albertina.Concha@gmail.com,firefighter
1602,Cathie,Malvino,Cathie.Malvino@yopmail.com,Cathie.Malvino@gmail.com,worker
1603,Sashenka,Bebe,Sashenka.Bebe@yopmail.com,Sashenka.Bebe@gmail.com,doctor
1604,Siana,Konyn,Siana.Konyn@yopmail.com,Siana.Konyn@gmail.com,firefighter
1605,Sarette,Ehrman,Sarette.Ehrman@yopmail.com,Sarette.Ehrman@gmail.com,developer
1606,Sindee,Dielu,Sindee.Dielu@yopmail.com,Sindee.Dielu@gmail.com,worker
1607,Carlie,Dunkin,Carlie.Dunkin@yopmail.com,Carlie.Dunkin@gmail.com,firefighter
1608,Gerianna,Peg,Gerianna.Peg@yopmail.com,Gerianna.Peg@gmail.com,doctor
1609,Mireielle,Barney,Mireielle.Barney@yopmail.com,Mireielle.Barney@gmail.com,doctor
1610,Harmonia,Fleeta,Harmonia.Fleeta@yopmail.com,Harmonia.Fleeta@gmail.com,police officer
1611,Charissa,Callista,Charissa.Callista@yopmail.com,Charissa.Callista@gmail.com,worker
1612,Kristan,Lail,Kristan.Lail@yopmail.com,Kristan.Lail@gmail.com,doctor
1613,Betta,Mich,Betta.Mich@yopmail.com,Betta.Mich@gmail.com,firefighter
1614,Dolli,Lorain,Dolli.Lorain@yopmail.com,Dolli.Lorain@gmail.com,developer
1615,Hettie,Edison,Hettie.Edison@yopmail.com,Hettie.Edison@gmail.com,worker
1616,Cacilie,Roarke,Cacilie.Roarke@yopmail.com,Cacilie.Roarke@gmail.com,police officer
1617,Roz,Merat,Roz.Merat@yopmail.com,Roz.Merat@gmail.com,worker
1618,Kaja,Claudine,Kaja.Claudine@yopmail.com,Kaja.Claudine@gmail.com,police officer
1619,Danny,Pyle,Danny.Pyle@yopmail.com,Danny.Pyle@gmail.com,worker
1620,Sheelagh,Kiersten,Sheelagh.Kiersten@yopmail.com,Sheelagh.Kiersten@gmail.com,firefighter
1621,Johna,Rustice,Johna.Rustice@yopmail.com,Johna.Rustice@gmail.com,developer
1622,Feliza,Nahum,Feliza.Nahum@yopmail.com,Feliza.Nahum@gmail.com,worker
1623,Katleen,Cutlerr,Katleen.Cutlerr@yopmail.com,Katleen.Cutlerr@gmail.com,firefighter
1624,Alyssa,Joeann,Alyssa.Joeann@yopmail.com,Alyssa.Joeann@gmail.com,police officer
1625,Ardeen,Macey,Ardeen.Macey@yopmail.com,Ardeen.Macey@gmail.com,developer
1626,Sharai,Sasnett,Sharai.Sasnett@yopmail.com,Sharai.Sasnett@gmail.com,firefighter
1627,Bettine,Shaddock,Bettine.Shaddock@yopmail.com,Bettine.Shaddock@gmail.com,firefighter
1628,Loree,Mike,Loree.Mike@yopmail.com,Loree.Mike@gmail.com,worker
1629,Kathi,Laverne,Kathi.Laverne@yopmail.com,Kathi.Laverne@gmail.com,doctor
1630,Aeriela,Dosia,Aeriela.Dosia@yopmail.com,Aeriela.Dosia@gmail.com,doctor
1631,Nicoli,Brackely,Nicoli.Brackely@yopmail.com,Nicoli.Brackely@gmail.com,worker
1632,Maisey,Talia,Maisey.Talia@yopmail.com,Maisey.Talia@gmail.com,developer
1633,Tersina,Karl,Tersina.Karl@yopmail.com,Tersina.Karl@gmail.com,developer
1634,Tybie,Leopold,Tybie.Leopold@yopmail.com,Tybie.Leopold@gmail.com,firefighter
1635,Cathyleen,Rozanna,Cathyleen.Rozanna@yopmail.com,Cathyleen.Rozanna@gmail.com,firefighter
1636,Damaris,Byrne,Damaris.Byrne@yopmail.com,Damaris.Byrne@gmail.com,firefighter
1637,Cherilyn,Kolnick,Cherilyn.Kolnick@yopmail.com,Cherilyn.Kolnick@gmail.com,doctor
1638,Amii,Hirsch,Amii.Hirsch@yopmail.com,Amii.Hirsch@gmail.com,doctor
1639,Sabina,Salvidor,Sabina.Salvidor@yopmail.com,Sabina.Salvidor@gmail.com,police officer
1640,Maud,Virgin,Maud.Virgin@yopmail.com,Maud.Virgin@gmail.com,police officer
1641,Dulce,Thunell,Dulce.Thunell@yopmail.com,Dulce.Thunell@gmail.com,firefighter
1642,Lanae,Carlson,Lanae.Carlson@yopmail.com,Lanae.Carlson@gmail.com,firefighter
1643,Vonny,Glovsky,Vonny.Glovsky@yopmail.com,Vonny.Glovsky@gmail.com,doctor
1644,Marcelline,Yate,Marcelline.Yate@yopmail.com,Marcelline.Yate@gmail.com,doctor
1645,Lyssa,Auberbach,Lyssa.Auberbach@yopmail.com,Lyssa.Auberbach@gmail.com,police officer
1646,Isa,Ailyn,Isa.Ailyn@yopmail.com,Isa.Ailyn@gmail.com,police officer
1647,Roseline,Stefa,Roseline.Stefa@yopmail.com,Roseline.Stefa@gmail.com,worker
1648,Kristina,Bartlett,Kristina.Bartlett@yopmail.com,Kristina.Bartlett@gmail.com,police officer
1649,Stacey,Valerio,Stacey.Valerio@yopmail.com,Stacey.Valerio@gmail.com,police officer
1650,Fayre,Rugen,Fayre.Rugen@yopmail.com,Fayre.Rugen@gmail.com,police officer
1651,Dari,Othilia,Dari.Othilia@yopmail.com,Dari.Othilia@gmail.com,police officer
1652,Brandise,Garlinda,Brandise.Garlinda@yopmail.com,Brandise.Garlinda@gmail.com,worker
1653,Micheline,Burnside,Micheline.Burnside@yopmail.com,Micheline.Burnside@gmail.com,police officer
1654,Nariko,Anyah,Nariko.Anyah@yopmail.com,Nariko.Anyah@gmail.com,developer
1655,Demetris,Kirstin,Demetris.Kirstin@yopmail.com,Demetris.Kirstin@gmail.com,doctor
1656,Elena,Zetta,Elena.Zetta@yopmail.com,Elena.Zetta@gmail.com,developer
1657,Bee,Strephon,Bee.Strephon@yopmail.com,Bee.Strephon@gmail.com,doctor
1658,Neila,Cristi,Neila.Cristi@yopmail.com,Neila.Cristi@gmail.com,firefighter
1659,Leia,Ackerley,Leia.Ackerley@yopmail.com,Leia.Ackerley@gmail.com,firefighter
1660,Andeee,Wittie,Andeee.Wittie@yopmail.com,Andeee.Wittie@gmail.com,police officer
1661,Jacenta,Bendick,Jacenta.Bendick@yopmail.com,Jacenta.Bendick@gmail.com,doctor
1662,Calla,Raychel,Calla.Raychel@yopmail.com,Calla.Raychel@gmail.com,doctor
1663,Tersina,Wareing,Tersina.Wareing@yopmail.com,Tersina.Wareing@gmail.com,worker
1664,Flory,Suanne,Flory.Suanne@yopmail.com,Flory.Suanne@gmail.com,doctor
1665,Michaelina,Jena,Michaelina.Jena@yopmail.com,Michaelina.Jena@gmail.com,doctor
1666,Tamqrah,Albertine,Tamqrah.Albertine@yopmail.com,Tamqrah.Albertine@gmail.com,worker
1667,Lorne,Macey,Lorne.Macey@yopmail.com,Lorne.Macey@gmail.com,doctor
1668,Juliane,Deegan,Juliane.Deegan@yopmail.com,Juliane.Deegan@gmail.com,firefighter
1669,Molli,Rossner,Molli.Rossner@yopmail.com,Molli.Rossner@gmail.com,firefighter
1670,Gilligan,Edee,Gilligan.Edee@yopmail.com,Gilligan.Edee@gmail.com,worker
1671,Darlleen,Lucienne,Darlleen.Lucienne@yopmail.com,Darlleen.Lucienne@gmail.com,doctor
1672,Roberta,Sadowski,Roberta.Sadowski@yopmail.com,Roberta.Sadowski@gmail.com,doctor
1673,Hettie,Ellerey,Hettie.Ellerey@yopmail.com,Hettie.Ellerey@gmail.com,worker
1674,Tierney,Krystle,Tierney.Krystle@yopmail.com,Tierney.Krystle@gmail.com,developer
1675,Gaylene,Remmer,Gaylene.Remmer@yopmail.com,Gaylene.Remmer@gmail.com,worker
1676,Rayna,Barbey,Rayna.Barbey@yopmail.com,Rayna.Barbey@gmail.com,police officer
1677,Jolyn,Lorain,Jolyn.Lorain@yopmail.com,Jolyn.Lorain@gmail.com,doctor
1678,Claresta,Bigner,Claresta.Bigner@yopmail.com,Claresta.Bigner@gmail.com,doctor
1679,Vivia,Paine,Vivia.Paine@yopmail.com,Vivia.Paine@gmail.com,police officer
1680,Caryl,Cosenza,Caryl.Cosenza@yopmail.com,Caryl.Cosenza@gmail.com,firefighter
1681,Mireielle,Briney,Mireielle.Briney@yopmail.com,Mireielle.Briney@gmail.com,police officer
1682,Jessamyn,Ax,Jessamyn.Ax@yopmail.com,Jessamyn.Ax@gmail.com,developer
1683,Diena,Dowski,Diena.Dowski@yopmail.com,Diena.Dowski@gmail.com,firefighter
1684,Gilda,Lorain,Gilda.Lorain@yopmail.com,Gilda.Lorain@gmail.com,worker
1685,Sean,Maroney,Sean.Maroney@yopmail.com,Sean.Maroney@gmail.com,firefighter
1686,Allyce,Rubie,Allyce.Rubie@yopmail.com,Allyce.Rubie@gmail.com,worker
1687,Collen,Fredi,Collen.Fredi@yopmail.com,Collen.Fredi@gmail.com,police officer
1688,Beverley,Charity,Beverley.Charity@yopmail.com,Beverley.Charity@gmail.com,police officer
1689,Vanessa,Beniamino,Vanessa.Beniamino@yopmail.com,Vanessa.Beniamino@gmail.com,developer
1690,Leeanne,Israeli,Leeanne.Israeli@yopmail.com,Leeanne.Israeli@gmail.com,developer
1691,Genevra,Cookie,Genevra.Cookie@yopmail.com,Genevra.Cookie@gmail.com,doctor
1692,Emma,Jehu,Emma.Jehu@yopmail.com,Emma.Jehu@gmail.com,worker
1693,Tatiania,Rheingold,Tatiania.Rheingold@yopmail.com,Tatiania.Rheingold@gmail.com,developer
1694,Angela,Grimbly,Angela.Grimbly@yopmail.com,Angela.Grimbly@gmail.com,worker
1695,Benita,Wyn,Benita.Wyn@yopmail.com,Benita.Wyn@gmail.com,developer
1696,Starla,Anestassia,Starla.Anestassia@yopmail.com,Starla.Anestassia@gmail.com,developer
1697,Fanchon,Colp,Fanchon.Colp@yopmail.com,Fanchon.Colp@gmail.com,police officer
1698,Sarette,Martsen,Sarette.Martsen@yopmail.com,Sarette.Martsen@gmail.com,firefighter
1699,Fanchon,Tice,Fanchon.Tice@yopmail.com,Fanchon.Tice@gmail.com,police officer
1700,Shaine,Schalles,Shaine.Schalles@yopmail.com,Shaine.Schalles@gmail.com,firefighter
1701,Tierney,Solitta,Tierney.Solitta@yopmail.com,Tierney.Solitta@gmail.com,doctor
1702,Micheline,Rudolph,Micheline.Rudolph@yopmail.com,Micheline.Rudolph@gmail.com,doctor
1703,Hermione,Hanshaw,Hermione.Hanshaw@yopmail.com,Hermione.Hanshaw@gmail.com,worker
1704,Hermione,Rogerio,Hermione.Rogerio@yopmail.com,Hermione.Rogerio@gmail.com,police officer
1705,Arabel,Belldas,Arabel.Belldas@yopmail.com,Arabel.Belldas@gmail.com,developer
1706,Lenna,Alarise,Lenna.Alarise@yopmail.com,Lenna.Alarise@gmail.com,developer
1707,Kore,Kussell,Kore.Kussell@yopmail.com,Kore.Kussell@gmail.com,firefighter
1708,Maye,Haerr,Maye.Haerr@yopmail.com,Maye.Haerr@gmail.com,doctor
1709,Cassondra,Wolfgram,Cassondra.Wolfgram@yopmail.com,Cassondra.Wolfgram@gmail.com,worker
1710,Hannis,Malanie,Hannis.Malanie@yopmail.com,Hannis.Malanie@gmail.com,worker
1711,Catrina,Kenwood,Catrina.Kenwood@yopmail.com,Catrina.Kenwood@gmail.com,police officer
1712,Cathyleen,Allina,Cathyleen.Allina@yopmail.com,Cathyleen.Allina@gmail.com,firefighter
1713,Augustine,Joseph,Augustine.Joseph@yopmail.com,Augustine.Joseph@gmail.com,firefighter
1714,Max,Philipp,Max.Philipp@yopmail.com,Max.Philipp@gmail.com,developer
1715,Ruthe,Wenoa,Ruthe.Wenoa@yopmail.com,Ruthe.Wenoa@gmail.com,police officer
1716,Emmey,Winthorpe,Emmey.Winthorpe@yopmail.com,Emmey.Winthorpe@gmail.com,police officer
1717,Bertine,Blisse,Bertine.Blisse@yopmail.com,Bertine.Blisse@gmail.com,firefighter
1718,Johna,Cecile,Johna.Cecile@yopmail.com,Johna.Cecile@gmail.com,developer
1719,Maisey,Jorgan,Maisey.Jorgan@yopmail.com,Maisey.Jorgan@gmail.com,doctor
1720,Ketti,Jillane,Ketti.Jillane@yopmail.com,Ketti.Jillane@gmail.com,developer
1721,Cissiee,Gibbeon,Cissiee.Gibbeon@yopmail.com,Cissiee.Gibbeon@gmail.com,doctor
1722,Emelina,Schenck,Emelina.Schenck@yopmail.com,Emelina.Schenck@gmail.com,doctor
1723,Lenna,Dannye,Lenna.Dannye@yopmail.com,Lenna.Dannye@gmail.com,developer
1724,Genovera,Tillford,Genovera.Tillford@yopmail.com,Genovera.Tillford@gmail.com,police officer
1725,Merle,Travax,Merle.Travax@yopmail.com,Merle.Travax@gmail.com,developer
1726,Jillayne,August,Jillayne.August@yopmail.com,Jillayne.August@gmail.com,police officer
1727,Dotty,Cressida,Dotty.Cressida@yopmail.com,Dotty.Cressida@gmail.com,worker
1728,Shirlee,Tayib,Shirlee.Tayib@yopmail.com,Shirlee.Tayib@gmail.com,worker
1729,Celene,Belldas,Celene.Belldas@yopmail.com,Celene.Belldas@gmail.com,doctor
1730,Wendi,Hartnett,Wendi.Hartnett@yopmail.com,Wendi.Hartnett@gmail.com,doctor
1731,Dawn,Hunfredo,Dawn.Hunfredo@yopmail.com,Dawn.Hunfredo@gmail.com,doctor
1732,Karlee,Stacy,Karlee.Stacy@yopmail.com,Karlee.Stacy@gmail.com,police officer
1733,Dagmar,Daniele,Dagmar.Daniele@yopmail.com,Dagmar.Daniele@gmail.com,police officer
1734,Valli,Riordan,Valli.Riordan@yopmail.com,Valli.Riordan@gmail.com,worker
1735,Reeba,Radu,Reeba.Radu@yopmail.com,Reeba.Radu@gmail.com,worker
1736,Danny,Rosalba,Danny.Rosalba@yopmail.com,Danny.Rosalba@gmail.com,firefighter
1737,Cathie,Hoban,Cathie.Hoban@yopmail.com,Cathie.Hoban@gmail.com,developer
1738,Charissa,Leler,Charissa.Leler@yopmail.com,Charissa.Leler@gmail.com,developer
1739,Violet,Marcellus,Violet.Marcellus@yopmail.com,Violet.Marcellus@gmail.com,developer
1740,Lanae,Tremayne,Lanae.Tremayne@yopmail.com,Lanae.Tremayne@gmail.com,worker
1741,Candi,Lail,Candi.Lail@yopmail.com,Candi.Lail@gmail.com,doctor
1742,Gwenneth,Olin,Gwenneth.Olin@yopmail.com,Gwenneth.Olin@gmail.com,doctor
1743,Imojean,Sigfrid,Imojean.Sigfrid@yopmail.com,Imojean.Sigfrid@gmail.com,developer
1744,Winny,Greenwald,Winny.Greenwald@yopmail.com,Winny.Greenwald@gmail.com,police officer
1745,Cherrita,Zaslow,Cherrita.Zaslow@yopmail.com,Cherrita.Zaslow@gmail.com,developer
1746,Jacenta,Chaing,Jacenta.Chaing@yopmail.com,Jacenta.Chaing@gmail.com,developer
1747,Wanda,Shaver,Wanda.Shaver@yopmail.com,Wanda.Shaver@gmail.com,worker
1748,Angela,Gert,Angela.Gert@yopmail.com,Angela.Gert@gmail.com,developer
1749,Ezmeralda,Screens,Ezmeralda.Screens@yopmail.com,Ezmeralda.Screens@gmail.com,worker
1750,Janeczka,Strephon,Janeczka.Strephon@yopmail.com,Janeczka.Strephon@gmail.com,worker
1751,Wileen,Hubert,Wileen.Hubert@yopmail.com,Wileen.Hubert@gmail.com,firefighter
1752,Glynnis,Ammann,Glynnis.Ammann@yopmail.com,Glynnis.Ammann@gmail.com,developer
1753,Alleen,Fancie,Alleen.Fancie@yopmail.com,Alleen.Fancie@gmail.com,doctor
1754,Rozele,Lipson,Rozele.Lipson@yopmail.com,Rozele.Lipson@gmail.com,worker
1755,Alexine,Percy,Alexine.Percy@yopmail.com,Alexine.Percy@gmail.com,firefighter
1756,Corly,Tound,Corly.Tound@yopmail.com,Corly.Tound@gmail.com,firefighter
1757,Nickie,Oscar,Nickie.Oscar@yopmail.com,Nickie.Oscar@gmail.com,firefighter
1758,Aigneis,Docilla,Aigneis.Docilla@yopmail.com,Aigneis.Docilla@gmail.com,firefighter
1759,Sandie,Vacuva,Sandie.Vacuva@yopmail.com,Sandie.Vacuva@gmail.com,doctor
1760,Karina,McGrody,Karina.McGrody@yopmail.com,Karina.McGrody@gmail.com,firefighter
1761,Tressa,Seessel,Tressa.Seessel@yopmail.com,Tressa.Seessel@gmail.com,police officer
1762,Bernie,Sancho,Bernie.Sancho@yopmail.com,Bernie.Sancho@gmail.com,worker
1763,Kristan,Meli,Kristan.Meli@yopmail.com,Kristan.Meli@gmail.com,police officer
1764,Gaylene,Frendel,Gaylene.Frendel@yopmail.com,Gaylene.Frendel@gmail.com,developer
1765,Jasmina,Dorothy,Jasmina.Dorothy@yopmail.com,Jasmina.Dorothy@gmail.com,worker
1766,Stevana,Kravits,Stevana.Kravits@yopmail.com,Stevana.Kravits@gmail.com,doctor
1767,Jan,Frendel,Jan.Frendel@yopmail.com,Jan.Frendel@gmail.com,firefighter
1768,Arabel,Schonfeld,Arabel.Schonfeld@yopmail.com,Arabel.Schonfeld@gmail.com,police officer
1769,Marylou,Hunfredo,Marylou.Hunfredo@yopmail.com,Marylou.Hunfredo@gmail.com,firefighter
1770,Malina,Sidonius,Malina.Sidonius@yopmail.com,Malina.Sidonius@gmail.com,worker
1771,Theodora,Quinn,Theodora.Quinn@yopmail.com,Theodora.Quinn@gmail.com,developer
1772,Eolanda,Leopold,Eolanda.Leopold@yopmail.com,Eolanda.Leopold@gmail.com,developer
1773,Dulcinea,Flita,Dulcinea.Flita@yopmail.com,Dulcinea.Flita@gmail.com,worker
1774,Anica,Ortrude,Anica.Ortrude@yopmail.com,Anica.Ortrude@gmail.com,worker
1775,Minne,Rolf,Minne.Rolf@yopmail.com,Minne.Rolf@gmail.com,worker
1776,Helena,Roche,Helena.Roche@yopmail.com,Helena.Roche@gmail.com,doctor
1777,Jessy,Woodberry,Jessy.Woodberry@yopmail.com,Jessy.Woodberry@gmail.com,worker
1778,Kenna,Lissi,Kenna.Lissi@yopmail.com,Kenna.Lissi@gmail.com,police officer
1779,Claudina,Ogren,Claudina.Ogren@yopmail.com,Claudina.Ogren@gmail.com,worker
1780,Clo,Atcliffe,Clo.Atcliffe@yopmail.com,Clo.Atcliffe@gmail.com,doctor
1781,Linet,Blake,Linet.Blake@yopmail.com,Linet.Blake@gmail.com,police officer
1782,Rani,Lowry,Rani.Lowry@yopmail.com,Rani.Lowry@gmail.com,firefighter
1783,Ariela,Blake,Ariela.Blake@yopmail.com,Ariela.Blake@gmail.com,doctor
1784,Ardys,Therine,Ardys.Therine@yopmail.com,Ardys.Therine@gmail.com,worker
1785,Clary,Caitlin,Clary.Caitlin@yopmail.com,Clary.Caitlin@gmail.com,police officer
1786,Nananne,Grimbly,Nananne.Grimbly@yopmail.com,Nananne.Grimbly@gmail.com,firefighter
1787,Thalia,Dichy,Thalia.Dichy@yopmail.com,Thalia.Dichy@gmail.com,developer
1788,Blake,Ventre,Blake.Ventre@yopmail.com,Blake.Ventre@gmail.com,developer
1789,Eadie,Heisel,Eadie.Heisel@yopmail.com,Eadie.Heisel@gmail.com,developer
1790,Marinna,Lytton,Marinna.Lytton@yopmail.com,Marinna.Lytton@gmail.com,doctor
1791,Mellicent,Infield,Mellicent.Infield@yopmail.com,Mellicent.Infield@gmail.com,firefighter
1792,Viki,Daegal,Viki.Daegal@yopmail.com,Viki.Daegal@gmail.com,developer
1793,Kial,Ethban,Kial.Ethban@yopmail.com,Kial.Ethban@gmail.com,police officer
1794,Britte,Ciapas,Britte.Ciapas@yopmail.com,Britte.Ciapas@gmail.com,doctor
1795,Brianna,Wesle,Brianna.Wesle@yopmail.com,Brianna.Wesle@gmail.com,firefighter
1796,Ericka,Kellby,Ericka.Kellby@yopmail.com,Ericka.Kellby@gmail.com,worker
1797,Nadine,Kravits,Nadine.Kravits@yopmail.com,Nadine.Kravits@gmail.com,doctor
1798,Vonny,Uird,Vonny.Uird@yopmail.com,Vonny.Uird@gmail.com,developer
1799,Allis,Latini,Allis.Latini@yopmail.com,Allis.Latini@gmail.com,developer
1800,Konstance,Lilybelle,Konstance.Lilybelle@yopmail.com,Konstance.Lilybelle@gmail.com,police officer
1801,Kathy,Woodberry,Kathy.Woodberry@yopmail.com,Kathy.Woodberry@gmail.com,developer
1802,Genevra,Shirberg,Genevra.Shirberg@yopmail.com,Genevra.Shirberg@gmail.com,police officer
1803,Mallory,Joachim,Mallory.Joachim@yopmail.com,Mallory.Joachim@gmail.com,police officer
1804,Annaliese,Erlandson,Annaliese.Erlandson@yopmail.com,Annaliese.Erlandson@gmail.com,police officer
1805,Morganica,Mozelle,Morganica.Mozelle@yopmail.com,Morganica.Mozelle@gmail.com,firefighter
1806,Wendi,Tacye,Wendi.Tacye@yopmail.com,Wendi.Tacye@gmail.com,police officer
1807,Clarice,Herrera,Clarice.Herrera@yopmail.com,Clarice.Herrera@gmail.com,firefighter
1808,Georgetta,Leonard,Georgetta.Leonard@yopmail.com,Georgetta.Leonard@gmail.com,developer
1809,Briney,Masao,Briney.Masao@yopmail.com,Briney.Masao@gmail.com,developer
1810,Olwen,Stav,Olwen.Stav@yopmail.com,Olwen.Stav@gmail.com,developer
1811,Shannah,Stanwood,Shannah.Stanwood@yopmail.com,Shannah.Stanwood@gmail.com,worker
1812,Adriana,Daegal,Adriana.Daegal@yopmail.com,Adriana.Daegal@gmail.com,developer
1813,Gisela,Hurley,Gisela.Hurley@yopmail.com,Gisela.Hurley@gmail.com,developer
1814,Kayla,Gale,Kayla.Gale@yopmail.com,Kayla.Gale@gmail.com,doctor
1815,Shaylyn,Hourigan,Shaylyn.Hourigan@yopmail.com,Shaylyn.Hourigan@gmail.com,worker
1816,Emelina,Kinnard,Emelina.Kinnard@yopmail.com,Emelina.Kinnard@gmail.com,firefighter
1817,Lucy,Cordi,Lucy.Cordi@yopmail.com,Lucy.Cordi@gmail.com,police officer
1818,Mariele,Gamaliel,Mariele.Gamaliel@yopmail.com,Mariele.Gamaliel@gmail.com,developer
1819,Elyssa,Desai,Elyssa.Desai@yopmail.com,Elyssa.Desai@gmail.com,firefighter
1820,Lizzie,Beniamino,Lizzie.Beniamino@yopmail.com,Lizzie.Beniamino@gmail.com,developer
1821,Sashenka,Raul,Sashenka.Raul@yopmail.com,Sashenka.Raul@gmail.com,developer
1822,Helena,Ardeha,Helena.Ardeha@yopmail.com,Helena.Ardeha@gmail.com,developer
1823,Valera,Breed,Valera.Breed@yopmail.com,Valera.Breed@gmail.com,doctor
1824,Zsa Zsa,Sophronia,Zsa Zsa.Sophronia@yopmail.com,Zsa Zsa.Sophronia@gmail.com,worker
1825,Andeee,Laverne,Andeee.Laverne@yopmail.com,Andeee.Laverne@gmail.com,doctor
1826,Nessie,Codding,Nessie.Codding@yopmail.com,Nessie.Codding@gmail.com,firefighter
1827,Tierney,Eachern,Tierney.Eachern@yopmail.com,Tierney.Eachern@gmail.com,firefighter
1828,Claudina,Melony,Claudina.Melony@yopmail.com,Claudina.Melony@gmail.com,firefighter
1829,Emelina,Pascia,Emelina.Pascia@yopmail.com,Emelina.Pascia@gmail.com,police officer
1830,Clary,Chobot,Clary.Chobot@yopmail.com,Clary.Chobot@gmail.com,developer
1831,Paulita,Gaynor,Paulita.Gaynor@yopmail.com,Paulita.Gaynor@gmail.com,developer
1832,Adelle,Roumell,Adelle.Roumell@yopmail.com,Adelle.Roumell@gmail.com,doctor
1833,Moyna,Clie,Moyna.Clie@yopmail.com,Moyna.Clie@gmail.com,firefighter
1834,Chickie,Janith,Chickie.Janith@yopmail.com,Chickie.Janith@gmail.com,worker
1835,Konstance,Means,Konstance.Means@yopmail.com,Konstance.Means@gmail.com,firefighter
1836,Perry,Riordan,Perry.Riordan@yopmail.com,Perry.Riordan@gmail.com,police officer
1837,Kalina,Ledah,Kalina.Ledah@yopmail.com,Kalina.Ledah@gmail.com,developer
1838,Celisse,Paton,Celisse.Paton@yopmail.com,Celisse.Paton@gmail.com,worker
1839,Marjie,Brandice,Marjie.Brandice@yopmail.com,Marjie.Brandice@gmail.com,worker
1840,Pollyanna,Saunderson,Pollyanna.Saunderson@yopmail.com,Pollyanna.Saunderson@gmail.com,doctor
1841,Dotty,Yoko,Dotty.Yoko@yopmail.com,Dotty.Yoko@gmail.com,police officer
1842,Susan,Berl,Susan.Berl@yopmail.com,Susan.Berl@gmail.com,doctor
1843,Kaia,Jehu,Kaia.Jehu@yopmail.com,Kaia.Jehu@gmail.com,firefighter
1844,Adore,Schenck,Adore.Schenck@yopmail.com,Adore.Schenck@gmail.com,worker
1845,Kaja,Goode,Kaja.Goode@yopmail.com,Kaja.Goode@gmail.com,worker
1846,Vinita,Zaslow,Vinita.Zaslow@yopmail.com,Vinita.Zaslow@gmail.com,police officer
1847,Maryellen,Dominy,Maryellen.Dominy@yopmail.com,Maryellen.Dominy@gmail.com,firefighter
1848,Mady,Pelagias,Mady.Pelagias@yopmail.com,Mady.Pelagias@gmail.com,police officer
1849,Brana,Taima,Brana.Taima@yopmail.com,Brana.Taima@gmail.com,developer
1850,Corene,Aurelio,Corene.Aurelio@yopmail.com,Corene.Aurelio@gmail.com,developer
1851,Wilma,Screens,Wilma.Screens@yopmail.com,Wilma.Screens@gmail.com,police officer
1852,Betta,Leopold,Betta.Leopold@yopmail.com,Betta.Leopold@gmail.com,doctor
1853,Annora,Wilona,Annora.Wilona@yopmail.com,Annora.Wilona@gmail.com,worker
1854,Aeriela,Avi,Aeriela.Avi@yopmail.com,Aeriela.Avi@gmail.com,firefighter
1855,Netty,Lory,Netty.Lory@yopmail.com,Netty.Lory@gmail.com,firefighter
1856,Maud,Monk,Maud.Monk@yopmail.com,Maud.Monk@gmail.com,developer
1857,Ana,Fax,Ana.Fax@yopmail.com,Ana.Fax@gmail.com,developer
1858,Laure,Nelsen,Laure.Nelsen@yopmail.com,Laure.Nelsen@gmail.com,developer
1859,Aeriela,Hathaway,Aeriela.Hathaway@yopmail.com,Aeriela.Hathaway@gmail.com,developer
1860,Agnese,Izaak,Agnese.Izaak@yopmail.com,Agnese.Izaak@gmail.com,developer
1861,Hayley,Firmin,Hayley.Firmin@yopmail.com,Hayley.Firmin@gmail.com,worker
1862,Cassandra,Faso,Cassandra.Faso@yopmail.com,Cassandra.Faso@gmail.com,doctor
1863,Deirdre,Heisel,Deirdre.Heisel@yopmail.com,Deirdre.Heisel@gmail.com,worker
1864,Heddie,Eugenia,Heddie.Eugenia@yopmail.com,Heddie.Eugenia@gmail.com,firefighter
1865,Chere,Morgun,Chere.Morgun@yopmail.com,Chere.Morgun@gmail.com,developer
1866,Brietta,Malvino,Brietta.Malvino@yopmail.com,Brietta.Malvino@gmail.com,developer
1867,Yetty,Tound,Yetty.Tound@yopmail.com,Yetty.Tound@gmail.com,police officer
1868,Zaria,Vorster,Zaria.Vorster@yopmail.com,Zaria.Vorster@gmail.com,firefighter
1869,Juliane,Lia,Juliane.Lia@yopmail.com,Juliane.Lia@gmail.com,worker
1870,Belva,Rosalba,Belva.Rosalba@yopmail.com,Belva.Rosalba@gmail.com,police officer
1871,Pearline,Harday,Pearline.Harday@yopmail.com,Pearline.Harday@gmail.com,police officer
1872,Marcy,Uird,Marcy.Uird@yopmail.com,Marcy.Uird@gmail.com,firefighter
1873,Liana,Wandie,Liana.Wandie@yopmail.com,Liana.Wandie@gmail.com,doctor
1874,Meg,Izaak,Meg.Izaak@yopmail.com,Meg.Izaak@gmail.com,worker
1875,Selma,Bandeen,Selma.Bandeen@yopmail.com,Selma.Bandeen@gmail.com,doctor
1876,Claresta,Kosey,Claresta.Kosey@yopmail.com,Claresta.Kosey@gmail.com,firefighter
1877,Frank,Jethro,Frank.Jethro@yopmail.com,Frank.Jethro@gmail.com,developer
1878,Lindie,Hillel,Lindie.Hillel@yopmail.com,Lindie.Hillel@gmail.com,police officer
1879,Layla,Amadas,Layla.Amadas@yopmail.com,Layla.Amadas@gmail.com,police officer
1880,Janenna,Urania,Janenna.Urania@yopmail.com,Janenna.Urania@gmail.com,doctor
1881,Lauryn,Sammons,Lauryn.Sammons@yopmail.com,Lauryn.Sammons@gmail.com,developer
1882,Doro,Gusella,Doro.Gusella@yopmail.com,Doro.Gusella@gmail.com,developer
1883,Tabbatha,Dosia,Tabbatha.Dosia@yopmail.com,Tabbatha.Dosia@gmail.com,police officer
1884,Drucie,Catie,Drucie.Catie@yopmail.com,Drucie.Catie@gmail.com,police officer
1885,Lexine,Heidt,Lexine.Heidt@yopmail.com,Lexine.Heidt@gmail.com,developer
1886,Selma,Kirstin,Selma.Kirstin@yopmail.com,Selma.Kirstin@gmail.com,firefighter
1887,Jenilee,Nore,Jenilee.Nore@yopmail.com,Jenilee.Nore@gmail.com,doctor
1888,Tracey,Bakerman,Tracey.Bakerman@yopmail.com,Tracey.Bakerman@gmail.com,police officer
1889,Kristan,Loring,Kristan.Loring@yopmail.com,Kristan.Loring@gmail.com,worker
1890,Emilia,Natalia,Emilia.Natalia@yopmail.com,Emilia.Natalia@gmail.com,police officer
1891,Rori,Ruvolo,Rori.Ruvolo@yopmail.com,Rori.Ruvolo@gmail.com,developer
1892,Adriana,Craggie,Adriana.Craggie@yopmail.com,Adriana.Craggie@gmail.com,firefighter
1893,Regina,Armanda,Regina.Armanda@yopmail.com,Regina.Armanda@gmail.com,worker
1894,Dianemarie,Tamsky,Dianemarie.Tamsky@yopmail.com,Dianemarie.Tamsky@gmail.com,firefighter
1895,Linet,Olnee,Linet.Olnee@yopmail.com,Linet.Olnee@gmail.com,doctor
1896,Collen,Fink,Collen.Fink@yopmail.com,Collen.Fink@gmail.com,firefighter
1897,Caressa,Stefa,Caressa.Stefa@yopmail.com,Caressa.Stefa@gmail.com,firefighter
1898,Kassey,Karna,Kassey.Karna@yopmail.com,Kassey.Karna@gmail.com,police officer
1899,Ardeen,Fontana,Ardeen.Fontana@yopmail.com,Ardeen.Fontana@gmail.com,worker
1900,Doralynne,Abram,Doralynne.Abram@yopmail.com,Doralynne.Abram@gmail.com,developer
1901,Meghann,Suk,Meghann.Suk@yopmail.com,Meghann.Suk@gmail.com,developer
1902,Jany,Primalia,Jany.Primalia@yopmail.com,Jany.Primalia@gmail.com,firefighter
1903,Anestassia,Niccolo,Anestassia.Niccolo@yopmail.com,Anestassia.Niccolo@gmail.com,police officer
1904,Dorothy,Euridice,Dorothy.Euridice@yopmail.com,Dorothy.Euridice@gmail.com,doctor
1905,Pollyanna,Nester,Pollyanna.Nester@yopmail.com,Pollyanna.Nester@gmail.com,doctor
1906,Ardeen,Ferino,Ardeen.Ferino@yopmail.com,Ardeen.Ferino@gmail.com,police officer
1907,Talya,Dreda,Talya.Dreda@yopmail.com,Talya.Dreda@gmail.com,police officer
1908,Shauna,Lorain,Shauna.Lorain@yopmail.com,Shauna.Lorain@gmail.com,doctor
1909,Dacia,Cavan,Dacia.Cavan@yopmail.com,Dacia.Cavan@gmail.com,firefighter
1910,Carlie,Thilda,Carlie.Thilda@yopmail.com,Carlie.Thilda@gmail.com,developer
1911,Frank,Lemuela,Frank.Lemuela@yopmail.com,Frank.Lemuela@gmail.com,police officer
1912,Aimil,Cottle,Aimil.Cottle@yopmail.com,Aimil.Cottle@gmail.com,worker
1913,Bobbi,Holtz,Bobbi.Holtz@yopmail.com,Bobbi.Holtz@gmail.com,firefighter
1914,Jemie,Horan,Jemie.Horan@yopmail.com,Jemie.Horan@gmail.com,firefighter
1915,Leanna,Joachim,Leanna.Joachim@yopmail.com,Leanna.Joachim@gmail.com,police officer
1916,Nikki,Myrilla,Nikki.Myrilla@yopmail.com,Nikki.Myrilla@gmail.com,doctor
1917,Ursulina,Munn,Ursulina.Munn@yopmail.com,Ursulina.Munn@gmail.com,developer
1918,Karlee,Berne,Karlee.Berne@yopmail.com,Karlee.Berne@gmail.com,doctor
1919,Willetta,Geffner,Willetta.Geffner@yopmail.com,Willetta.Geffner@gmail.com,worker
1920,Brena,Gaulin,Brena.Gaulin@yopmail.com,Brena.Gaulin@gmail.com,worker
1921,Lolita,Wind,Lolita.Wind@yopmail.com,Lolita.Wind@gmail.com,police officer
1922,Merry,Lanita,Merry.Lanita@yopmail.com,Merry.Lanita@gmail.com,worker
1923,Eadie,Kristi,Eadie.Kristi@yopmail.com,Eadie.Kristi@gmail.com,doctor
1924,Sara-Ann,Dorothy,Sara-Ann.Dorothy@yopmail.com,Sara-Ann.Dorothy@gmail.com,firefighter
1925,Olivette,Lenny,Olivette.Lenny@yopmail.com,Olivette.Lenny@gmail.com,police officer
1926,Beatriz,Demitria,Beatriz.Demitria@yopmail.com,Beatriz.Demitria@gmail.com,firefighter
1927,Amara,Lorenz,Amara.Lorenz@yopmail.com,Amara.Lorenz@gmail.com,developer
1928,Frances,Schonfeld,Frances.Schonfeld@yopmail.com,Frances.Schonfeld@gmail.com,firefighter
1929,Maurene,Amadas,Maurene.Amadas@yopmail.com,Maurene.Amadas@gmail.com,police officer
1930,Sean,Ivens,Sean.Ivens@yopmail.com,Sean.Ivens@gmail.com,police officer
1931,Dale,Anderea,Dale.Anderea@yopmail.com,Dale.Anderea@gmail.com,worker
1932,Caryl,Schalles,Caryl.Schalles@yopmail.com,Caryl.Schalles@gmail.com,doctor
1933,Alex,Raul,Alex.Raul@yopmail.com,Alex.Raul@gmail.com,worker
1934,Cherilyn,Capello,Cherilyn.Capello@yopmail.com,Cherilyn.Capello@gmail.com,developer
1935,Bobbi,Gale,Bobbi.Gale@yopmail.com,Bobbi.Gale@gmail.com,developer
1936,Dominga,Zenas,Dominga.Zenas@yopmail.com,Dominga.Zenas@gmail.com,police officer
1937,Dawn,Edee,Dawn.Edee@yopmail.com,Dawn.Edee@gmail.com,police officer
1938,Coral,Terencio,Coral.Terencio@yopmail.com,Coral.Terencio@gmail.com,firefighter
1939,Estell,An,Estell.An@yopmail.com,Estell.An@gmail.com,worker
1940,Beth,Isidore,Beth.Isidore@yopmail.com,Beth.Isidore@gmail.com,police officer
1941,Gusty,Lemuela,Gusty.Lemuela@yopmail.com,Gusty.Lemuela@gmail.com,doctor
1942,Valeda,Rubie,Valeda.Rubie@yopmail.com,Valeda.Rubie@gmail.com,firefighter
1943,Isa,Alejoa,Isa.Alejoa@yopmail.com,Isa.Alejoa@gmail.com,firefighter
1944,Amelia,Ramona,Amelia.Ramona@yopmail.com,Amelia.Ramona@gmail.com,developer
1945,Vere,Alexandr,Vere.Alexandr@yopmail.com,Vere.Alexandr@gmail.com,worker
1946,Gratia,Faust,Gratia.Faust@yopmail.com,Gratia.Faust@gmail.com,developer
1947,Lenna,Edvard,Lenna.Edvard@yopmail.com,Lenna.Edvard@gmail.com,police officer
1948,Renae,Bibi,Renae.Bibi@yopmail.com,Renae.Bibi@gmail.com,worker
1949,Tobe,Uird,Tobe.Uird@yopmail.com,Tobe.Uird@gmail.com,doctor
1950,Latisha,Frodi,Latisha.Frodi@yopmail.com,Latisha.Frodi@gmail.com,firefighter
1951,Catrina,Ralfston,Catrina.Ralfston@yopmail.com,Catrina.Ralfston@gmail.com,developer
1952,Melina,Terrence,Melina.Terrence@yopmail.com,Melina.Terrence@gmail.com,firefighter
1953,Babita,Fillbert,Babita.Fillbert@yopmail.com,Babita.Fillbert@gmail.com,doctor
1954,Emmey,Mendez,Emmey.Mendez@yopmail.com,Emmey.Mendez@gmail.com,developer
1955,Dorice,Whiffen,Dorice.Whiffen@yopmail.com,Dorice.Whiffen@gmail.com,developer
1956,Kayla,Vorster,Kayla.Vorster@yopmail.com,Kayla.Vorster@gmail.com,doctor
1957,Joceline,Revkah,Joceline.Revkah@yopmail.com,Joceline.Revkah@gmail.com,police officer
1958,Glenda,Albertine,Glenda.Albertine@yopmail.com,Glenda.Albertine@gmail.com,worker
1959,Raina,Cutlerr,Raina.Cutlerr@yopmail.com,Raina.Cutlerr@gmail.com,firefighter
1960,Paule,Maurine,Paule.Maurine@yopmail.com,Paule.Maurine@gmail.com,firefighter
1961,Alleen,Liva,Alleen.Liva@yopmail.com,Alleen.Liva@gmail.com,worker
1962,Joceline,Candy,Joceline.Candy@yopmail.com,Joceline.Candy@gmail.com,police officer
1963,Adele,Hermes,Adele.Hermes@yopmail.com,Adele.Hermes@gmail.com,worker
1964,Frieda,Manolo,Frieda.Manolo@yopmail.com,Frieda.Manolo@gmail.com,firefighter
1965,Hollie,Bertold,Hollie.Bertold@yopmail.com,Hollie.Bertold@gmail.com,firefighter
1966,Caressa,Koziara,Caressa.Koziara@yopmail.com,Caressa.Koziara@gmail.com,police officer
1967,Valli,Urias,Valli.Urias@yopmail.com,Valli.Urias@gmail.com,doctor
1968,Aaren,Firmin,Aaren.Firmin@yopmail.com,Aaren.Firmin@gmail.com,worker
1969,Hettie,Mallon,Hettie.Mallon@yopmail.com,Hettie.Mallon@gmail.com,worker
1970,Theodora,Lail,Theodora.Lail@yopmail.com,Theodora.Lail@gmail.com,worker
1971,Wanda,Whittaker,Wanda.Whittaker@yopmail.com,Wanda.Whittaker@gmail.com,developer
1972,Cordi,Remmer,Cordi.Remmer@yopmail.com,Cordi.Remmer@gmail.com,worker
1973,Elka,Kazimir,Elka.Kazimir@yopmail.com,Elka.Kazimir@gmail.com,doctor
1974,Edyth,Mich,Edyth.Mich@yopmail.com,Edyth.Mich@gmail.com,police officer
1975,Benita,Maryanne,Benita.Maryanne@yopmail.com,Benita.Maryanne@gmail.com,firefighter
1976,Clementine,Isidore,Clementine.Isidore@yopmail.com,Clementine.Isidore@gmail.com,police officer
1977,Wanda,Millda,Wanda.Millda@yopmail.com,Wanda.Millda@gmail.com,firefighter
1978,Lolita,Granoff,Lolita.Granoff@yopmail.com,Lolita.Granoff@gmail.com,firefighter
1979,Lisette,Daniele,Lisette.Daniele@yopmail.com,Lisette.Daniele@gmail.com,firefighter
1980,Reeba,Grayce,Reeba.Grayce@yopmail.com,Reeba.Grayce@gmail.com,police officer
1981,Florencia,Ahab,Florencia.Ahab@yopmail.com,Florencia.Ahab@gmail.com,worker
1982,Carly,Wattenberg,Carly.Wattenberg@yopmail.com,Carly.Wattenberg@gmail.com,worker
1983,Marcelline,Stuart,Marcelline.Stuart@yopmail.com,Marcelline.Stuart@gmail.com,firefighter
1984,Paola,Buckler,Paola.Buckler@yopmail.com,Paola.Buckler@gmail.com,developer
1985,Oona,Nickola,Oona.Nickola@yopmail.com,Oona.Nickola@gmail.com,worker
1986,Paola,Madaih,Paola.Madaih@yopmail.com,Paola.Madaih@gmail.com,worker
1987,Letizia,Giule,Letizia.Giule@yopmail.com,Letizia.Giule@gmail.com,worker
1988,Eolanda,Wolfgram,Eolanda.Wolfgram@yopmail.com,Eolanda.Wolfgram@gmail.com,doctor
1989,Norine,Milde,Norine.Milde@yopmail.com,Norine.Milde@gmail.com,doctor
1990,Laure,Gert,Laure.Gert@yopmail.com,Laure.Gert@gmail.com,worker
1991,Shell,Wiener,Shell.Wiener@yopmail.com,Shell.Wiener@gmail.com,police officer
1992,Teriann,Ezar,Teriann.Ezar@yopmail.com,Teriann.Ezar@gmail.com,firefighter
1993,Dawn,Dunkin,Dawn.Dunkin@yopmail.com,Dawn.Dunkin@gmail.com,doctor
1994,Jessy,Maribeth,Jessy.Maribeth@yopmail.com,Jessy.Maribeth@gmail.com,firefighter
1995,Oralee,Pearse,Oralee.Pearse@yopmail.com,Oralee.Pearse@gmail.com,worker
1996,Johna,Pernick,Johna.Pernick@yopmail.com,Johna.Pernick@gmail.com,firefighter
1997,Maud,Bergman,Maud.Bergman@yopmail.com,Maud.Bergman@gmail.com,police officer
1998,Cathie,Lymann,Cathie.Lymann@yopmail.com,Cathie.Lymann@gmail.com,developer
1999,Libbie,Ackerley,Libbie.Ackerley@yopmail.com,Libbie.Ackerley@gmail.com,doctor